username,currency,prize
Congdanh99999,VND,"359,786"
Mussasi,IDR,"343,710"
qnfelth,KRW,"203,550"
Duyphi19999,VND,"88,760"
mck168,CNY,"74,674"
1289801611l,CNY,"70,803"
danghuynh85,VND,"59,619"
bundju,THB,"59,552"
Meotrunghoa12,VND,"46,044"
Ongke1234,VND,"45,466"
kenneth517,CNY,"37,789"
hsow02h,KRW,"37,089"
Hoangnam209,VND,"33,754"
zuong85,VND,"32,613"
Huynhnhu1212,VND,"32,438"
Tuanth1991,VND,"30,048"
ferryikan,IDR,"29,852"
Nhatbo2018,VND,"29,298"
hunglieu8791,VND,"29,085"
yuyan77,CNY,"28,372"
hihihaha15,VND,"28,156"
qamaster11,IDR,"27,247"
cynthiapesek,IDR,"25,628"
EdinDzeko,IDR,"25,570"
phattin1675,VND,"25,454"
duchien214,VND,"22,421"
Thieugia2988,VND,"20,727"
quanzui82,VND,"20,146"
binhdn38,VND,"18,918"
nongfu1,CNY,"18,893"
rittikrai,THB,"18,051"
sungak47,VND,"17,265"
bluebiru,IDR,"17,000"
maivanhung33,VND,"16,923"
kakashiza,THB,"16,874"
hvtai,VND,"16,270"
kiennt82,VND,"15,660"
lurk001,CNY,"15,045"
Chut2538,THB,"14,951"
THONG37,VND,"14,837"
lanyibo,CNY,"14,107"
xisky,CNY,"13,875"
dheejay,IDR,"13,645"
kaego,MYR,"13,355"
n13418606223,CNY,"13,351"
huykhoidang,VND,"13,268"
mylintar,IDR,"13,145"
buiphankynguyen,VND,"12,289"
kritstu,THB,"11,997"
Giasieu123,VND,"11,893"
Hoangloc82,VND,"10,788"
phamhien113,VND,"10,308"
ngvanquyen,VND,"10,281"
itachi111109,VND,"10,239"
Lethuan111,VND,"10,168"
tinghai123,CNY,"10,142"
garaa2010,VND,"10,087"
nguyenmanhtuan94,VND,"10,084"
PhanHoa261190,VND,"9,930"
Kushin271183,VND,"9,465"
nazarith,IDR,"9,399"
Vitak113,VND,"9,394"
tepbikey98,VND,"9,346"
teeteet0,THB,"9,284"
hnimnav,VND,"9,073"
dangtri3000,VND,"8,815"
Nguyenhuutiep276,VND,"8,651"
arwut09,THB,"8,526"
Traitran197,VND,"8,379"
wianda,THB,"8,302"
Brianvan1994,VND,"7,894"
altec,IDR,"7,745"
asd2008su,CNY,"7,705"
phuongdiacau,VND,"7,613"
ongtrumvietnam,VND,"7,521"
quangman021194,VND,"7,450"
pocung699,VND,"7,441"
kqkq90,VND,"7,423"
Namngh0209,VND,"7,326"
leminhhieu1234,VND,"7,323"
duyulin,CNY,"7,183"
hue180687,VND,"6,835"
shieric,CNY,"6,785"
Tcvtcv,VND,"6,731"
duongduclong123,VND,"6,605"
dungdq,VND,"6,426"
yaya332222,CNY,"6,329"
acmatiensinh,VND,"6,007"
hughu,CNY,"5,817"
Ptunglam98,VND,"5,815"
duongpham,VND,"5,651"
anmolbajaj2806,INR,"5,491"
nguyentip,VND,"5,426"
bobo14,THB,"5,375"
binhphuong108,VND,"5,368"
Aditiya1234,IDR,"5,327"
Poloacxenpaco123,VND,"5,300"
bombayzz,THB,"5,226"
hunter1005,VND,"5,174"
Hanoi195,VND,"5,149"
Hieuprogram32,VND,"5,124"
jameszaa,THB,"4,885"
realsv2,VND,"4,880"
chok12345,THB,"4,719"
Hunggg1111,VND,"4,625"
exass120,THB,"4,610"
tieuphudoncui88,VND,"4,572"
andoni,CNY,"4,487"
winer868,VND,"4,444"
phamthuy123,VND,"4,357"
ammulu,VND,"4,327"
Tranduytanvl,VND,"4,286"
Dhoil,IDR,"4,202"
Cuyeu,VND,"4,191"
SEPARUHNOAH,IDR,"4,167"
insania88,MYR,"4,124"
haigasonla,VND,"4,056"
Bro3344,IDR,"4,030"
29Douglas,IDR,"3,981"
culisvinh,VND,"3,878"
Hieufbu,VND,"3,876"
Dat2345,VND,"3,830"
nghialh2112,VND,"3,789"
Kingkong78,IDR,"3,679"
toan0104,VND,"3,653"
nguyenthanhduy94,VND,"3,646"
P1108k1,VND,"3,588"
vinhome,VND,"3,573"
prmmt,CNY,"3,569"
hotmen88,VND,"3,567"
compee23,THB,"3,460"
socgau28301,VND,"3,409"
edin56,IDR,"3,368"
adityahendra,IDR,"3,348"
Ngoctruong1987ag,VND,"3,314"
Oatyooat,THB,"3,282"
BWX52,CNY,"3,279"
Vanluu1010,VND,"3,196"
coruna888,IDR,"3,112"
tudeptrai2260,VND,"3,017"
angel666imu,THB,"2,995"
reason2lie,IDR,"2,990"
frendisetia1996,IDR,"2,963"
hoangtu6789,VND,"2,949"
Emthanh1985,VND,"2,943"
Jaybich,THB,"2,926"
thachapon,THB,"2,915"
gorilaz1771,IDR,"2,913"
xidott,VND,"2,907"
dinhlam952,VND,"2,902"
tuandatha90,VND,"2,885"
radenbasri,IDR,"2,812"
Buing,VND,"2,725"
feihua2028,CNY,"2,630"
222947,VND,"2,617"
symhony,THB,"2,579"
Kietsugoi,VND,"2,550"
Medianta99,IDR,"2,543"
Truongtienthanh8,VND,"2,542"
Phinson,VND,"2,528"
3112855,CNY,"2,494"
MARSSRAM86,VND,"2,448"
Nguyenminh135,VND,"2,447"
E12w1n,IDR,"2,381"
Rhino01,VND,"2,350"
Namenermdz,THB,"2,321"
sonny2107,MYR,"2,306"
nieddong,CNY,"2,284"
chienlucky1414,VND,"2,266"
thien622,VND,"2,245"
donlachai,THB,"2,181"
Khanhbi1994,VND,"2,153"
Royal1001,VND,"2,144"
lhxbetting,VND,"2,142"
Hoanglv1997,VND,"2,120"
dungerman,VND,"2,116"
pepopaza,THB,"2,113"
Supiori,IDR,"2,101"
feifei2470,CNY,"2,094"
Mapyjr,IDR,"2,074"
Taieuro96,VND,"2,054"
niemlk123,VND,"2,040"
tmn1987,VND,"2,006"
175898512yp,CNY,"1,995"
phat2208,VND,"1,977"
acma931,VND,"1,900"
astin1993,IDR,"1,886"
Ajoy168,IDR,"1,878"
Leonidas15,VND,"1,877"
Seraphim123232,VND,"1,876"
Minh2406,VND,"1,876"
bachphan0101,VND,"1,839"
Kirihara,THB,"1,799"
tung365,VND,"1,797"
cubin1234560,VND,"1,796"
neopet20012022,VND,"1,772"
Linhtran1987,VND,"1,759"
ha2710,VND,"1,747"
H0123456789,VND,"1,742"
mom2521,THB,"1,731"
Nand82,IDR,"1,727"
cunvaoc,VND,"1,690"
Huythang112,VND,"1,667"
Tronghuyenld,VND,"1,662"
Jimbo555,IDR,"1,656"
0981240700,VND,"1,651"
texno,VND,"1,632"
truongnvdr,VND,"1,625"
Aray35,IDR,"1,624"
Betraygirl,VND,"1,610"
nagaair1,IDR,"1,601"
kisshoney159,VND,"1,560"
Ngocdp12345,VND,"1,556"
Thanhhoang12,VND,"1,555"
Sapasex1,VND,"1,517"
VuTrongTuan85,VND,"1,516"
cometfrank,CNY,"1,507"
EricMaximus,VND,"1,502"
Hookah,VND,"1,502"
Thuongbrvt,VND,"1,500"
tottenhamlaso1,VND,"1,494"
jakkai2015,THB,"1,485"
albarra22,IDR,"1,483"
Phephet,VND,"1,479"
lucky7795,IDR,"1,472"
Tranchan082,VND,"1,462"
suikoden992,THB,"1,457"
Transon1,VND,"1,451"
huynhcado12345,VND,"1,417"
Ngoloc7968,VND,"1,406"
suckmylan,MYR,"1,372"
Waseso369,IDR,"1,368"
kungmmc,THB,"1,366"
kaka0803,VND,"1,346"
Giangdongson,VND,"1,346"
arvinyar,IDR,"1,340"
shiendy,IDR,"1,338"
abc1150,THB,"1,326"
Duonglieu29,VND,"1,311"
gerry1408,IDR,"1,308"
tyhue1234,VND,"1,287"
hnc2040,VND,"1,261"
pdhh0811,VND,"1,259"
zw6472056,CNY,"1,222"
t0934095859,VND,"1,198"
NandoP,IDR,"1,178"
Boat1678,THB,"1,175"
221295,VND,"1,170"
wewegombel05,IDR,"1,167"
z258848996,CNY,"1,160"
zackfair86,IDR,"1,158"
Samsung0808,MYR,"1,146"
spankingtb,VND,"1,121"
xiaofen334,CNY,"1,116"
peawkak,THB,"1,097"
Thiennevi0610,VND,"1,092"
Itim1234er,THB,"1,083"
HadesVN,VND,"1,050"
Ngohongtuyen,VND,"1,019"
hieuxd01,VND,"1,008"
Godien77,VND,"1,001"
tttt92,VND,997
hutiunamvang,VND,991
Huan111082,VND,987
ayyasyshidqi,IDR,966
80844,VND,966
carldream,CNY,948
wing61lu,CNY,923
haunguyen93x,VND,922
Xuandinhcap1,VND,913
SocnauT5,VND,888
Annguyen13,VND,879
huybup120313,VND,872
Thaothuy0987,VND,864
catbobi,CNY,862
PN123456,VND,861
phucnumne,VND,853
Nhoxskysg90,VND,853
jaaeee2212,THB,840
Martin9996,CNY,834
Na9485,VND,834
nn0836288858,THB,833
kakachied01,THB,832
Minhly1289,VND,829
lxh711,CNY,825
holywindz,VND,823
Vhg1984,VND,810
w1snu322,IDR,808
ossamabinladen,IDR,801
Arkana25,IDR,793
abel25,IDR,792
letuong2512,VND,790
LETUANAN2017,VND,779
dennisboen18,IDR,758
minhnhatpc79,VND,756
LetienPY,VND,755
Hungnguyenm116,VND,754
comingsoon,THB,750
Kurniawan1987,IDR,741
12970,VND,738
zmt99501,CNY,735
Sapasexy,VND,734
Thoidiroi,VND,719
chopeenn,THB,705
thoho123,VND,696
astralis88,IDR,694
ulxone17,VND,688
vn46138,VND,687
Kien39,VND,686
noldnyonyo,IDR,679
giapa3,VND,678
congrua4747,VND,678
19925641973,CNY,676
sincross,IDR,674
temtran1107,VND,671
nhan07112014,VND,669
Thermoking,VND,655
vitbum,VND,645
luci2712,VND,638
7338,VND,632
charath25,THB,627
Dinh8492,VND,614
chaoahbiao,THB,603
vinh03042905,VND,600
kakekgacor666,IDR,599
emeryarsenal,VND,598
tratienlaichotao,VND,593
az99az99,VND,591
kingofall15,VND,579
tcww4444,MYR,579
0932052075,VND,577
CheryMack,VND,577
Pna8760,VND,573
Quangberlin,VND,572
loc1213,VND,562
22savage,MYR,560
dungmeo99,VND,559
Tanck,VND,559
Rangsun2529,THB,555
Minhquyenpham,VND,541
Ipodtouch,VND,533
thinhtom1993,VND,526
01667385470,VND,510
Ismaild,IDR,506
romanticman,THB,498
beonhe,VND,491
Phucthien6789,VND,486
Lo24286,VND,486
Duykhuong1991,VND,475
sandykuntul,IDR,473
Shanzaa,IDR,460
faisallazie,IDR,458
Cuongke1994,VND,447
Quangvinh2020,VND,446
Ceecodd,THB,443
hiepvan,VND,436
Dhadan,IDR,436
Truye,VND,432
bigbet333,VND,428
nampuzzz,THB,427
leonardzz,THB,424
permoskubpom,THB,412
Tranduyhiep1512,VND,393
Ibracadabra88,IDR,392
Naymark,THB,384
Danzer3012,VND,384
Ngocninh95,VND,372
Happynew88,VND,367
dennylisman,IDR,365
rubbish13,MYR,361
Haonam2021,VND,359
Thanhthienbui,VND,356
mikesoi28,THB,353
399avu,VND,340
Ohmmy2536,THB,333
thanh55xd1,VND,332
Lionfamily,IDR,328
pay0607,THB,320
Tranphung1988,VND,313
aoote11813,THB,309
Bokinhvan96,VND,305
bolamani1,IDR,304
dotandat,VND,300
Thanhluan132587,VND,300
Kunkka88,VND,293
Kinanti99,IDR,287
Hoang89dd,VND,281
jojo515,IDR,278
Binhkaka9929,VND,278
ikariam,VND,274
Hanamichi0302,VND,269
luckyvct,VND,269
Ranger345,IDR,268
trananh678,VND,268
manhhieu1,VND,268
Sapasex,VND,264
lxs1017,CNY,264
Caunho0343184568,VND,264
RAMON23499,IDR,262
gran345,USD-JP,260
panitiasorga8,IDR,258
Sapasex2,VND,253
soft93,IDR,249
zia22,IDR,246
endra1984,IDR,244
okb5ay,CNY,244
letrunga1,VND,243
rudai,IDR,233
tuanwinner,VND,228
nguyenlehieu,VND,227
yokosaragi,IDR,227
Dan9393,VND,226
Phapduy1988,VND,225
indanger2nd,VND,222
Juara1994,IDR,219
Phambaquang90,VND,219
trung22698,VND,215
Truclinh2018,VND,209
osaga,THB,206
osomtuyo,THB,200
zenshine666,THB,196
CIVIC2645,THB,192
iamthebest123,THB,188
NMT280322,VND,188
Bongda3636,VND,185
haihungdung21,VND,184
Luyentran36,VND,177
moronbrothers,IDR,174
LINTZSF46,IDR,172
Gamebaivui,VND,171
Nguyendat039,VND,168
Mirorr,VND,166
Elanzers,VND,165
9543447a42,VND,157
hjen1986,VND,153
mythds3565,THB,152
Sledew5193,IDR,151
shezan09,IDR,146
zundz2706,VND,143
Minhhai90vtpt,VND,139
Ductrung7788,VND,137
quazer22,THB,137
Conba9,VND,136
Toniteo987654,VND,135
Letin15091995,VND,131
traudien11,VND,130
Kristanto25,IDR,129
nguyendong010193,VND,129
wilfrid,IDR,121
Hangnguyenhang8,VND,120
Nick334,THB,120
lamson35,VND,119
Bienhung19994,VND,119
Hana1312,VND,119
Bambooo,IDR,119
BACHTHANHSANG123,VND,118
Julyhaye,VND,117
MasterLew,IDR,117
accnet123,IDR,117
Hafizul2508,MYR,116
starknjght,VND,115
Longgia88,VND,113
Xoai2020,VND,109
Siroj385166,THB,105
vhson905,VND,105
nhuvan123,VND,100
pitlord,THB,99
Royal250488,VND,98
xechogalau1,VND,95
Thanhluy1991,VND,92
zpingza,THB,87
Thachnguyendat64,VND,86
ndienthang,VND,85
bogiaxitrum,VND,84
caviarblue,IDR,83
owenggg,THB,83
zinclord86,IDR,80
Baomy2019,VND,80
chaiwattsw,THB,80
Dhuy1308,VND,80
wisen888,IDR,80
BoatMuMu,THB,75
chaukuli1983,VND,74
dr4gon84,IDR,74
nero96,VND,74
YOTHEONE,IDR,73
termcnx,THB,72
tusquin,VND,71
infoline,VND,69
todiem1954,VND,69
arcbar1st,IDR,68
Datminh20,VND,66
einsam11,IDR,65
kling8s,VND,64
azhad,MYR,62
Condaobang,VND,61
lastchance18393,VND,61
Bongbabi2019,VND,61
pond1996,THB,59
caykeo12,VND,58
Angkerbir88,IDR,58
piccur,IDR,57
2Anan2,VND,56
huuthangbkdn,VND,54
hooligan8987,IDR,54
aun145135,THB,54
mrvictoria,VND,53
Vohuutam,VND,49
Azizahsubandi,IDR,49
narendracorp86,IDR,46
Giahung015,VND,42
sdoondoping,VND,41
aumgs,THB,40
Beamdizzco,THB,40
dragodz666,IDR,40
Bimdongle12,VND,40
Xuan9mmmkkk,VND,37
grenade7771,VND,35
newjikung123,THB,34
phatdzpro98,VND,33
chienproduytan88,VND,32
rullynugraha04,IDR,31
Bloodmaster,MYR,31
rjnick,IDR,30
Binbin678,VND,29
alfian5,IDR,28
Thanhtruong3131,VND,27
Tinshake218,VND,25
nhisilly,VND,25
anhdaivn,VND,23
DDtran011,VND,22
jamesplz,THB,20
Vodoifc69,VND,19
Prachya2ez,THB,18
chrisgunadi,IDR,18
thanhhai0906,VND,17
gundzo2,VND,17
hetarin91,IDR,16
handyw,IDR,15
tekupla,IDR,15
baovuongg62,VND,13
sc0813,MYR,13
Vietttt89,VND,10
Emericantrieu,VND,9
khanhart94,VND,9
Lyhuutho,VND,8
maxkao2536,THB,7
Ttsang,VND,7
milkky2556,THB,7
Ducminh221293,VND,6
Vi2307az,VND,6
thinhphatqni,VND,5
niwat0410,THB,4
wardotyudi,IDR,4
pondthanawat,THB,4
feitan7,IDR,3
Ntb21061999,VND,2
cuong169,VND,2
nestrunch2,THB,1
aakbarrm,IDR,0
Toan389,VND,0
OttoWish,THB,212
teerasakmix,THB,212
Dew55555,THB,211
kongkong2518,THB,211
Dang235vn,VND,210
Ummislank,IDR,210
altec,IDR,210
huongthien5859,VND,209
quanquan888,VND,209
Majulagi22,IDR,208
Vanhuong16,VND,208
Revit2019,VND,208
Uylong1107,VND,207
captuyen,VND,207
KQ14,IDR,206
ahmadsopian91,IDR,206
rmd2017,IDR,206
902151107,VND,206
Leonidas15,VND,205
MARSSRAM86,VND,205
anhhieu89,VND,205
Truongtho86,VND,204
905899754,VND,204
Hanie10,IDR,204
Viendong3,THB,204
LMGES,THB,204
duck7292,VND,203
nhatbap0112,VND,202
ava281185,IDR,202
welli,IDR,201
Steven28683,VND,199
Tifosi1986,VND,199
badaothatroi,VND,199
thodaigia,VND,199
thangjackpot,VND,198
gan23998,THB,198
LeeNguyen123789,VND,197
thuannguyen0807,VND,197
k0ser,THB,196
phatloc999,VND,196
mylove7379,VND,196
Dinhphan2810,VND,195
Phuonganhtn,VND,195
kimdoll,VND,195
maxsimust,THB,195
thienvuong999,VND,195
johnbee,IDR,194
Blacksilver0126,VND,193
mattmalam,MYR,193
fendy888,IDR,193
Azharhamid1,IDR,192
Chauluc318,VND,192
tummeng,THB,192
laurensia,IDR,192
886302,VND,191
vdh9999,VND,191
Phuongnam182,VND,191
cpratak12,THB,191
kyoken2014,VND,191
wy11auto,THB,191
Taminox100993,VND,190
Hanguyen1888,VND,190
Vunguyen1,VND,190
dinsyi,IDR,190
chot2512,THB,190
Sibuluan13,IDR,190
tranduonghp91,VND,190
jameszaa,THB,190
ngocthao36,VND,189
jovano26,IDR,189
123456ds,VND,188
anhoang332,VND,188
Nisacarlo,IDR,188
Teoliem,VND,188
Gives92,IDR,188
lephong810,VND,188
pumpuitik,THB,188
Jaychounmb,VND,187
nhuchau,VND,186
Invisme,THB,186
supervigo,THB,186
coruna888,IDR,186
Lehuyquan1996,VND,185
phuong68312,VND,184
anadi54554,IDR,184
dragonblue,VND,184
zircon1001,THB,184
toyarmy7,THB,184
meoxixi,VND,183
Barek12,IDR,183
Oatoat,THB,183
fb9595,THB,183
81223774591,IDR,183
Truongtrinh92,VND,183
mottramngandong,VND,182
Game3038,THB,182
insania88,MYR,182
bathangphuc,VND,182
SEPARUHNOAH,IDR,182
Phieu2212,VND,180
Brian120289,IDR,179
Prepare,IDR,179
Somtui13,THB,177
prauntian,IDR,177
hunglieu8791,VND,177
Phamngocphu,VND,176
nguyenhai291,VND,176
Nguyenminhvu789,VND,175
secaba02,IDR,175
admin17071993,VND,174
Hardi2391,IDR,174
Coptinhquai2017,VND,174
ngocvuongbt,VND,173
Monangaan,IDR,173
Masndut,IDR,173
Nichapat,THB,173
Duybr,VND,172
urushi,USD-JP,172
Zinha,VND,172
Elkakoys,IDR,171
PHAT8888E,VND,171
luumanh1,VND,171
caferubybd,VND,171
Luong111981,VND,171
Kne44,THB,171
kepalasapi,IDR,171
tralala83,IDR,171
probetvn87,VND,171
bladil13,IDR,171
phuochung1104,VND,170
tudeptrai2260,VND,170
vankhai00,VND,169
Cuogdl,VND,169
dangdiencao1991,VND,169
Vanhien31,VND,169
MjnhSjnh89,VND,169
giangnamthanh,VND,169
Nguyencrkh,VND,168
regieyumasuti,IDR,168
baonguyen0707,VND,168
nunu8890,VND,167
thtuyen,VND,167
traudien11,VND,167
Hao275,VND,166
Nguoinhatrac88,VND,166
kuteo5679,VND,166
tvf1730000hh,VND,166
Aifull,IDR,166
boogto55,THB,166
windh28,IDR,166
longnguyenphuc,VND,165
966636036,VND,165
xuanbac0706,VND,165
AUNBAS,THB,165
Anhthinh0,VND,164
Dika2018,IDR,164
Tuanngao1982,VND,164
rondo17,IDR,164
thuytay6688,VND,163
Manhtckt,VND,163
TVT242,VND,163
Chautinhtrung11,VND,163
primap3,IDR,163
ws1530311610,THB,163
Nguyentuanhp,VND,162
tunguyen11976,VND,162
Mooice153,THB,162
duahau2014,VND,162
Khemzaa123,THB,162
xuongrong0210,VND,162
mp9667,KRW,161
kah,VND,161
Sonlam94,VND,161
Leanhdai04,VND,161
Hummer2021,VND,161
zgc8989,THB,161
xuanvi58,VND,159
Blackjackyy,IDR,159
phamhien113,VND,159
phanlanh1207,VND,159
Boskadas,IDR,159
dcthien93,VND,159
bk1186,THB,159
88huy88,VND,158
Doibuon88vn,VND,158
Badboy983,VND,156
quoclinh779,VND,156
Karunate,IDR,155
hungson3337,VND,155
oatozil,THB,155
mrhoangphuc97,VND,154
Hongquan260398,VND,154
Letheteo90,VND,154
maiwin789,VND,154
Veepong,THB,154
Gialinh1,VND,153
Ptunglam98,VND,153
son10081978,VND,153
Duongvanbon2005,VND,153
BkMn68355,THB,153
csm4991,VND,152
Maxbold9,IDR,152
naya1313,IDR,152
Bohary99,IDR,152
haoxs87,IDR,152
EdinDzeko,IDR,152
Tommydom1081,VND,151
Stopstop,VND,151
Yotsanonwong,THB,151
ttbb0626,THB,151
toto8179,THB,150
Nhatban88,VND,150
bangnaga96,IDR,150
Chelsea0812,IDR,149
Tranngocluancvf,VND,149
shyamaa,INR,149
Kuda,IDR,148
trannguyenvn,VND,148
huannv8888,VND,148
bronson19,IDR,148
Dungdcl,VND,148
tatakaka,THB,148
stanis04,IDR,148
utmayman,VND,147
Abuhutbu1,VND,147
Dungbap01,VND,147
ntt76qt,VND,147
nguyenthanhduy94,VND,147
noodee535,THB,147
tranquochung1984,VND,147
hien1289,VND,146
Alo0919494555,VND,146
obamahp,VND,146
sianbo,THB,146
lengocluan2023,VND,145
noos8899,THB,145
rainbow29,THB,145
pinyo324400,THB,145
caigicunghay,VND,144
S2singsan,VND,144
mambu1006,IDR,144
La220789,VND,143
phuvanthach,VND,143
as544201,VND,143
angelfive2001,VND,143
thotho95,VND,142
thuhp1985,VND,142
TEPPI1992,VND,142
eNd12a,IDR,142
collabo88,KRW,141
quynh0706,VND,141
Trucgolden,VND,141
Leconghieuck,VND,141
leeshin36,VND,141
Maitree1851,THB,141
Cryptonymous,IDR,140
Tamthanh2013,VND,140
Kienhd1121,VND,140
chok12345,THB,140
363382728,VND,139
Binnguyen1805,VND,139
Truongvd0109,VND,139
Tap01,IDR,139
tranqhuy86,VND,139
jay29,THB,139
larintorn2513,THB,139
Loantran123,VND,138
7013imj,IDR,138
lenkt90,VND,137
Win0303,VND,137
Quachdat123,VND,137
Kuwait,VND,137
Renaldi74,IDR,136
thaosuong058,VND,136
ledanhduong123,VND,136
nvdung1998,VND,135
905806089,VND,135
haanhquan0911,VND,134
Hoducchung,KRW,134
evergreenxyz,THB,134
973421371,VND,134
Maykojung,THB,134
lavenzo,IDR,134
tandaigia,VND,134
minhkhang1105,VND,133
teolu066,VND,133
Gustiw,IDR,133
hoanglinh94,VND,133
trienovita121055,IDR,133
Minhbo1991,VND,132
miracledust,THB,132
Nguthichet202020,VND,131
SMARTBOY84,VND,131
natchanon909,THB,131
ryura19,IDR,130
mitthanhto86,VND,130
Twolf69,VND,130
zbl8m002,THB,129
phatloc888899,VND,129
truongbgvn,VND,129
attponatp,THB,129
Hnh200286,VND,128
nhatquang2807,VND,128
akekwang253162,THB,128
805besar,IDR,128
tuyen1902,VND,128
Leohuan,VND,128
hanajee,THB,128
Cibinong88,IDR,127
iphone7plus,VND,127
kienkinhte,VND,126
Haidong1999,VND,126
blueocean15601,VND,126
KKduong,VND,126
banjo88,IDR,125
linhdam98,VND,125
ocean789,IDR,125
hoangviet28890,VND,125
badunght97,VND,125
H0123456789,VND,125
Kazero007,VND,125
blackhawk17,VND,125
thaivanlong852,VND,125
Gorro123,IDR,124
Clear16161,THB,124
miewyan,MYR,124
ts00935590,THB,123
leLee79,VND,122
hongnhan07,VND,122
Minhhai221,VND,122
limamike88,IDR,122
kanawath59,THB,122
thsals2004,VND,121
Naigau7979,VND,121
nguyenhuu83,VND,121
Tranminhtu2022,VND,121
niko25,USD-JP,121
Tioaryop69,IDR,121
vuducdung1212,VND,121
osomtuyo,THB,121
DOIAG82,VND,121
nguyennhattien,VND,121
Mapyjr,IDR,120
Handful13,VND,120
HadesVN,VND,120
thanhcm,VND,120
Hungnp1040,VND,119
Ducanh3108,VND,119
beach21,IDR,119
Dadali13,IDR,118
minh126,VND,118
Tlelovies,THB,118
AUTOHIEU,VND,118
Ngocnhan90,VND,117
s0cky0ul0vel3333,VND,117
Vinhlm2,VND,117
zinnai,VND,117
jojunejojoon,THB,117
radenbasri,IDR,117
Kitmongkon22,THB,117
hieu1130,VND,117
Silva1558,VND,116
tientientien2,VND,116
nguyenhoa02,VND,116
mememe11,VND,116
robindat90,VND,116
holethuanh,VND,116
chauthanhtri28,VND,116
Thangvo6886,VND,115
douyen90,VND,115
ryr2688,VND,115
conghieu1234,VND,115
haidang150987,VND,115
wrGaTzFFLY18,IDR,115
Binguyen39,VND,114
Tb180282,VND,114
Vien2879,VND,114
WINNER2679,VND,114
ngochuu1985,VND,114
Maya0001,THB,114
kayis14,IDR,114
tiasang,VND,114
exitclub,THB,114
dengalih,IDR,113
988015773,VND,113
nankinanan,USD-JP,113
Racha23,THB,113
ohm54004,THB,113
s0rry91,VND,113
heoquay009,VND,113
Rush1322,IDR,112
Nnwing23,THB,112
DOGHU01,IDR,112
tungluu1987,VND,112
Tantien21111999,VND,112
zora9999,VND,112
Malboro4747,IDR,112
joyin,IDR,112
Ngyenquocminh123,VND,111
itachi111109,VND,111
Chienthang9009,VND,111
Chippo83,VND,111
Chutchit2021,VND,111
Virulen5,IDR,111
triviet2107,VND,111
kqkq90,VND,111
sanghyunnbyun,KRW,110
Huaphugia123,VND,110
Tonyduongvn87,VND,110
bobo14,THB,109
hung894,VND,109
agdoman489,IDR,109
ballyakuza007,THB,109
lion8,VND,109
Mameaw2323,THB,108
tedomi52,VND,108
Phongba33,VND,108
Sykesss,IDR,108
Nkmuu,VND,108
enabledisconnect,IDR,107
DDHTTH1122,VND,107
Sieubomkinh,VND,107
benz8888,IDR,107
Pai7932,THB,106
Tanbabaca,USD-JP,106
Tuyenhoan,VND,106
aq1605,VND,106
Aloquangthai,VND,106
hung0979541102,VND,106
opuuchy,IDR,106
Tung26,VND,106
suzuran87,IDR,106
Hapk,VND,105
aidsonline,THB,105
Thanh1310,VND,105
Hip67891256,VND,105
phungminh,VND,105
lsw0625,KRW,104
Newyear4290,VND,104
Hoangnam209,VND,104
Asswin89,IDR,104
teeteet0,THB,104
ngonguyenky1992,VND,104
bekreft,IDR,104
Fandy789,IDR,104
Anh0939039633,VND,104
HaiSin,IDR,104
Betthanh94,VND,103
sacradeo27,IDR,103
vinhle1011,VND,103
nguyenmanhtuan94,VND,103
Kimdo0018,VND,103
ballon16888,VND,103
nn0836288858,THB,103
trinhquochung90,VND,103
kjjang,KRW,102
ss9aeaey,THB,102
Cherrycherry1973,VND,102
chudaibi2022,VND,102
binhdn38,VND,102
toey2532,THB,102
Jabslans07,IDR,102
aa1408,THB,102
doanhnhanngheo,VND,101
48H00929,VND,101
Cimod512,IDR,101
Wahyuanggono1234,IDR,101
870611,IDR,101
frog2512,THB,101
minhthiennh,VND,101
kuukkuu,THB,101
lamminh519,VND,100
dhien97,VND,100
Fuad19,IDR,100
Vebothanhcong,VND,100
Tanh101088,VND,100
boyag6666,IDR,100
AAN80,IDR,100
nguyenphuong11,VND,99
Harusmenang80,IDR,99
Nguyenchienhd79,VND,99
jebam88,IDR,99
2271840,VND,99
duydhk68,VND,98
Bikker1235,THB,98
aoasis,THB,98
K7778,VND,98
taruna123,IDR,98
nghoangaat,VND,98
vuthanh041290,VND,98
jeffrix99,IDR,98
cobacobalucky,IDR,98
Nobita1960,VND,97
Hungbth,VND,97
Hongsiausiau,IDR,97
rivald9830,IDR,97
Phan1902,VND,97
Alexander170486,IDR,97
tuanflow,VND,97
trungthaigiam,VND,96
Lucky190920,VND,96
Tcvtcv,VND,96
Natanha408,VND,96
tule686,VND,96
Dothanhnhackct,VND,96
anhluyen,VND,96
chienlucky1414,VND,96
nhan4287,VND,96
ABE123,IDR,96
pairpairva,THB,95
Leenguyen0732,VND,95
Tinhnguyen12355,VND,95
Chichky161990,VND,95
Buoncuaanh68,VND,95
tatdat1979,VND,95
luanvu1990,VND,95
Bebot93,VND,94
phamgia161,VND,94
Chihung197879,VND,93
Arifhan1708,IDR,93
Danh2002,VND,93
porch888,THB,93
ing1975,THB,93
nnnvvvlll,VND,93
winseven7,THB,93
delpiwin,IDR,93
Banhbo222,VND,92
wanbi03,VND,92
nguyenthanhMU08,VND,92
Toencaa12,IDR,92
heuer,THB,92
Tainguyen1719,VND,92
havefun7750,VND,92
dungerman,VND,92
derca202,IDR,92
aksjnprosiro,VND,92
Phuckudo,VND,92
joatslowlife555,THB,92
precious993,VND,92
rifasss,IDR,92
nightking92,VND,92
torteng,THB,92
mandiri88,IDR,92
vytruong20,VND,91
lekhanh11130,VND,91
khoa0802,VND,91
Daotanlxag,VND,91
Nguyentai2930,VND,91
Ruby3568,VND,90
furekei,USD-JP,90
mrschool188,VND,90
Live71,VND,90
ngocluong2206,VND,90
dodotoffy,THB,90
nemtree,USD-JP,89
hotai6262,VND,89
diejackass,IDR,89
Giodoc2909,VND,89
dinhquy99999,VND,89
pichit14,THB,89
fargan18,IDR,89
jonrahm83,VND,88
cokeoo,THB,88
NGOTUANANHCQ,VND,88
Carrington2014,IDR,88
vusaigon,VND,88
maprao,THB,88
aloks,IDR,88
Tlede55555,THB,88
Krb9999,VND,87
mekiri,USD-JP,87
Mochi2613,USD-JP,87
Quyanh123456789,VND,87
lunmaloi994,VND,87
quangkis92,VND,87
Trangtay12,VND,87
baccil,IDR,87
Benten9595,IDR,87
Dinh6688,VND,87
DanPas,IDR,87
toxy24,USD-JP,86
kaitran123,VND,86
Loitl120,VND,86
Shane2110,VND,86
Peter473,THB,86
Win170409,VND,86
donipatria20,IDR,86
almo26,IDR,86
doreput,IDR,86
Pawenee,THB,85
longkute1982,VND,85
Ohm252929,THB,85
AKA999,VND,85
perot17,IDR,85
sonny2107,MYR,85
Kiemkiem1379,VND,85
Trangiatrung,VND,85
James147,THB,85
Habibrisma,IDR,85
ken82200282,VND,85
981966890,VND,85
iaio220412,IDR,85
Gambler1234,IDR,85
hungthanhvo,VND,85
bomz82,IDR,85
tarunusantara,IDR,85
Cucai9389,VND,84
Vuahaitac84,VND,84
BAll2533,THB,84
nhontran,VND,84
subidu01,VND,84
asawin1515,THB,84
rexos,INR,84
Sabicikang,IDR,83
Babe3,IDR,83
suckmylan,MYR,83
Thucthuc70,VND,83
sang143,VND,83
niwat0410,THB,83
bariqki2801,IDR,83
357975975,VND,82
congtrinh19,VND,82
nlona1076,VND,82
truongminhthao62,VND,82
Yeen6429,THB,82
xuanhuy87,VND,82
Hoangloc82,VND,81
Quyetsmall,VND,81
SupachaiM88,THB,81
phamthuy123,VND,81
Minhquanhaohoa,VND,81
chucic,VND,81
linhdk241087,VND,81
fctt6789,VND,81
chienthan2205,VND,81
powers3x,THB,81
dido100385,VND,80
mawing88,IDR,80
Fun19,THB,80
xelax,IDR,80
nhunam1989,VND,80
anginreboot,IDR,80
mrthanh111987,VND,80
TOTIKU,USD-JP,79
nghi20004,VND,79
103110196,VND,79
Prapan6361,THB,79
Hookah,VND,79
EricMaximus,VND,79
Kata2514,THB,79
Luckylucy63,THB,78
Namok965,VND,78
salisero,USD-JP,78
MiuLight,USD-JP,78
hue180687,VND,78
atom09,THB,78
agushg,IDR,78
dannysusilo92,IDR,78
visanu11,THB,78
congphap,VND,78
wiroj2522,THB,77
ZHONGMING94,THB,77
m88maiman22,VND,77
Alanos21,IDR,77
selowmang,IDR,77
Chivasvukhanh,VND,77
Quan89,VND,77
Gultom4246,IDR,76
Pimpan,THB,76
BuiThanhDay88,VND,76
yudya,IDR,76
rocknrolla,IDR,76
Ny797979,VND,75
Duchi993,VND,75
Bem,KRW,75
tepbikey98,VND,75
Miserys,MYR,75
Nhattruong1994,VND,75
Manh281,VND,75
taiklapet,IDR,75
kenny0699,VND,75
smile37,VND,75
xuangiao137,VND,75
ngiclik,IDR,75
Pen,VND,74
jub2503,THB,74
Thangquoc83,VND,74
Dewiaryan,IDR,74
Deer111,THB,74
Phuoctai75,VND,74
Handoidenbac834,VND,74
Nguyenhttlong90,VND,74
Khueminhongl,VND,74
zackfair86,IDR,74
applebonbon79,VND,74
ciyuz,IDR,74
Out,THB,73
Innova1277,IDR,73
youseityan,USD-JP,73
minhcuong20,VND,73
Ancris268,VND,73
tieukiem9731,VND,73
manhtienle3187,VND,73
wwxx890,KRW,72
Lamcoffee2021,VND,72
Kienlualexus,VND,72
lindawen,IDR,72
m88gaszas,THB,72
tuankhoi1990,VND,72
anphong2408,VND,71
tomokoohashi,USD-JP,71
Huyvymi0104,VND,71
Fewll888,IDR,71
Stefanus41,IDR,71
dungdq,VND,71
emon18,IDR,71
anmolbajaj2806,INR,71
Xuansang2005,VND,70
Chithang92,VND,70
mpro6789,VND,70
Dlpo79,VND,70
Yeubongda1006,VND,70
Triple1989,IDR,70
Tude007,IDR,70
haiphong12071987,VND,70
nguyenhongthai88,VND,70
Cachcach678910,VND,70
steve751014,THB,70
Xanthein,VND,70
hendryre88,IDR,70
arwut09,THB,70
diagon,VND,70
phdawan,THB,70
Mayquamay,VND,69
chien998,VND,69
Tonyduy492,VND,69
zzzxzzz,VND,69
rambokupang,IDR,69
Pimpan123,THB,69
spfilm1771,THB,69
trungnguyen5588,VND,69
Sivit8787,IDR,68
357670994,VND,68
Mitchin9999,VND,68
PhanDuong77,VND,68
Thongo106,VND,68
aunag36,THB,68
Vuong110993,VND,68
vivalevan,VND,68
phuhung,VND,68
Nqh3012,VND,67
Nandachyar,IDR,67
songhao2007,VND,67
Tranbinh061983,VND,67
wishmeluck888,IDR,67
AdelSin87,VND,67
kurisi5445,IDR,67
dungmanhvp,VND,67
Alson2727,IDR,66
lkj427,MYR,66
bibibaba,IDR,66
Gle050736,THB,66
Dongchi123,VND,66
compee23,THB,66
Daz2828,MYR,66
kungmmc,THB,66
838978403,VND,65
Hung0088,VND,65
RyOSam,VND,65
Toannguyen2810,VND,65
Rosey,THB,65
trantuananh99,VND,65
offick88,IDR,65
giang101chan,VND,65
768352005,VND,64
LeVanNhat1989,VND,64
Vumap56789,VND,64
Lucky12379,VND,64
Birdiee26005,THB,64
Tuandeptrai234,VND,64
Titihenry2022,VND,64
Xovu87,VND,64
hophamhongan,VND,64
Is0708,VND,64
tuanden072015,VND,64
25wstae,THB,63
Shmily18889,VND,63
Khoinghiep1021,VND,63
Vu19932018,VND,63
Mia2005,IDR,63
Ajibon77,IDR,63
Regom0706,IDR,63
asrul1985,MYR,63
hoakimngan1,VND,63
realsv2,VND,63
jendraljuara,IDR,63
kempyenk11,IDR,63
wh4tev3r88,IDR,63
Khaiminhdiemmy,VND,62
Vuhoang131085,VND,62
Soi32,VND,62
Buoiloc80,VND,62
Walaipuk17,THB,62
rskdbisa,IDR,62
ngocngan8888,VND,62
ngoxuanvien1987,VND,62
ctn0688,VND,62
Radhiyallahuan21,IDR,61
kakekgacor666,IDR,61
Player00,VND,61
Ying2517,THB,61
thanhvyvy99,VND,61
Baokhang1808,VND,61
Khanhduy1912,VND,61
lamnguyenkhang,VND,61
mmccdd,VND,61
truongphuduc,VND,61
nutek33,VND,61
boeing2012,THB,61
Hoi,VND,60
Syncon122133on,VND,60
Anhtho2008,VND,60
chaiwattsw,THB,60
Regul999,IDR,60
KUNAGUERO2020,VND,60
thanhha2017,VND,60
juanto0710,IDR,60
anhhoang7689,VND,60
william14,IDR,60
Phu95m88,VND,59
Dungcbtc90,VND,59
kinhnguyen1989,VND,59
hxhoan8668,VND,59
mrtdmanh,VND,59
anhtu140409,VND,59
nar12345,THB,58
139nguyenhieu,VND,58
Vantailienminh,VND,58
Elmanaa87,IDR,58
Tonglaodaopho,VND,58
Talcruze3486,THB,58
Lakiman123,IDR,58
Nichkoon,THB,58
ladykakaka,VND,58
nguyendinhtrieu,VND,58
linhvenezia,VND,57
indohai44,VND,57
Wasinps,THB,57
tuongnguyen12,VND,57
Duynb35,VND,57
Ladamay,IDR,57
phuongc10,VND,57
soft93,IDR,57
viethuy1992,VND,57
1689983821,VND,57
Dinhtuan11111,VND,56
Hansa9478,IDR,56
saumy010189,VND,56
phungducthang87,VND,56
phongvip210,VND,56
philong0000,VND,56
toiloitu,VND,56
xukara6,VND,55
huyhoang888999,VND,55
masusin,USD-JP,55
Pmc4440,KRW,55
ho83anh,VND,55
AK8606,IDR,55
MUWR10,VND,55
Salalasen,VND,55
Rongxanh120397,VND,55
Hoangnam1979,VND,55
majumundur88,IDR,55
KenDoSpiRit,THB,55
Dodoll88,IDR,55
polestar8,VND,55
buihien1978,VND,55
luckymen68,VND,55
khanhngheo9,VND,55
Superbetting,IDR,55
387070613,VND,54
xxxnv193,VND,54
Minhhuyxxx,VND,54
Nguyenanhhuy0610,VND,54
HectorNATO,IDR,54
tranhunghomeco,VND,54
pattanan2525,THB,54
Devilzz,THB,54
thunhua241987,VND,54
A7ee23,THB,54
HAPHUONG25,VND,54
yoshiza71,THB,54
namcd,VND,54
123456zxc,IDR,54
Tuanminh7,VND,53
anhquan33,VND,53
Merrick168,IDR,53
917838917,VND,53
Jimmytranvph,VND,53
nhanhac,VND,53
ductamchu,VND,53
Anh6078,VND,53
nguyenthanhhai1,VND,53
galaxyxxx,VND,53
thedevil,MYR,53
taihalong,VND,52
Minhdat688,VND,52
Dan9393,VND,52
Vongphatle,VND,52
Chamebatanhyeuem,VND,52
luckkybaby16,VND,52
Ultramanzero,THB,52
jsubiakto,IDR,52
phucpro121,VND,52
WARLORD,THB,52
vilasss,INR,52
oguogu,USD-JP,51
baoquan2410,VND,51
Poskoblue,IDR,51
Ariozt,IDR,51
Stinger06,VND,51
Aas1400,THB,51
Tuananh14091990,VND,51
Tlenh78,VND,51
Anggawirian,IDR,51
kanotto89,VND,51
rgl90,IDR,51
fiestarjei,VND,51
alevan1981,VND,51
tlp20122010,VND,50
Minhbg8686,USD-JP,50
24angeldemon,VND,50
Ximuoi2019,VND,50
Voraphol,THB,50
mahasura88,IDR,50
thaovohinh,VND,50
dinhmanh25,VND,50
vitbauonganh,VND,50
Codontimban91,VND,49
abc2az,VND,49
tmt8899,VND,49
QQ750777,VND,49
lelong2018,VND,49
Conduongxanhtrav,VND,49
chang8009,THB,49
AgungSAF,IDR,49
mrvictoria,VND,49
badmen933,VND,49
anhkho220688,VND,49
skbjxbxb333,VND,49
tientoitay110590,VND,49
lomtoe,THB,49
Abdisaigo,IDR,48
namhp88,VND,48
famous168,THB,48
miumiu2201,VND,48
vanhai9933,VND,48
Vothanhdat130795,VND,48
phuyen1980,VND,48
acma931,VND,48
Ok9934ok,THB,48
Gunnergun00,THB,48
HOAPHAT968979,VND,48
pabeasan,IDR,48
teetee14,THB,48
yuhandi90,IDR,48
althafahza,IDR,48
kaohom9,THB,48
thanhhuong1906,VND,48
thanbong888,VND,48
lucwon,VND,48
lebaanh1998,VND,47
phudnc2222,VND,47
Cahaya899,IDR,47
Thanhsonbn,VND,47
2526289999,VND,47
cuthoi123,VND,47
E12w1n,IDR,47
Trinhphat0880,VND,47
Habeo6789,VND,47
981581641,VND,47
Quoctoan86,VND,47
levinh88m88,VND,47
n1202,VND,47
jabzero23,THB,47
winning2019,VND,47
tusboyaa,THB,47
haihd,VND,47
prado9566,MYR,47
sijack,IDR,47
vanhoang1708,VND,46
Hdqs215,VND,46
huan1234567,VND,46
Ecuado,VND,46
Cafehongphuoc68,VND,46
tttt0936699,VND,46
Ronandobro678,VND,46
NPTTTX1895,VND,46
Azumaza,VND,46
phisekfluk,THB,46
Jeffri76,IDR,46
Tonihong,VND,46
MrLuc168168168,VND,46
numauy2103,THB,46
hjen1986,VND,46
kslangocquang,VND,46
thanhnam707,VND,46
ngminhanh99,VND,45
ducminhpre,VND,45
buttercup77,IDR,45
MB8889,VND,45
Minibaby235,VND,45
ngochihuu050991,VND,45
tuama19,IDR,45
nititbill,THB,45
Langocthao90bmt,VND,45
987972333,VND,45
Phihung84,VND,45
chihuy1117,VND,45
densadwarf11,IDR,45
kendro80,IDR,45
leduyquy,VND,45
giatoc8theo,VND,45
chuvanminh85,VND,45
asankam2038,THB,45
chienthaidien,VND,44
trungcosao,VND,44
Ttnanh,VND,44
Daglong,VND,44
OKB84SP,USD-JP,44
hongoctai1218,VND,44
anton19781978,IDR,44
vhung1,VND,44
Overiswin79,VND,44
Minnoo68,VND,44
Gass67,IDR,44
phuoc1389,VND,44
wan72,THB,44
minhmi1905,VND,44
kim830,MYR,44
basio,IDR,44
thang1985,VND,44
thanhtan2000,VND,44
kanchhan,INR,44
Pro9999999999,VND,43
Giau160816,VND,43
Nichikerker1,VND,43
Nmtu1987,VND,43
teo7979,VND,43
loan87kr,VND,43
Alexraider88,THB,43
maitinhanh,VND,43
Mrlee6789,VND,43
Humdee2711,THB,43
Thethaobongda81,VND,43
Q14624802,VND,43
Suhai82,VND,43
thanhda060787,VND,43
ton035721502,THB,43
bangun94,IDR,43
barca1982,VND,43
Vipvipvip12345,VND,42
Nha69,VND,42
Mjn3soul,VND,42
0399216917duy,VND,42
Trangle6688,VND,42
896622803,VND,42
Phamhung030182,VND,42
thangabcd,VND,42
astin1993,IDR,42
Itim1234er,THB,42
Chayngaydi888,VND,42
channelzero,VND,42
haidaiphu,VND,42
quocbinhp88,VND,42
rainbiray2356,THB,42
Botaici,IDR,42
Htuan1030,VND,42
inwoat,THB,42
Khing2044,THB,42
duongchieu,VND,42
luechai801,THB,42
nhansato,VND,42
campeone,IDR,42
natthapatsk,THB,41
2024TruongGiang,VND,41
Nguyennga86,VND,41
Tinph1989,VND,41
Thangg,VND,41
vuongvancong2002,VND,41
Nguyentan143,VND,41
saigon1975,VND,41
Supnguyen,VND,41
loneway,VND,41
herosvn14,VND,41
nassawee,THB,41
uyabmamen,IDR,41
phikong7,VND,41
kingcantona7,IDR,41
truongnhat6789,VND,41
crazyboy19,MYR,41
bacsilangtu,VND,41
fluke4444,THB,41
edysantoso,IDR,41
Hoangngan1,VND,40
Dolkenfauzi0,IDR,40
M8kaji,USD-JP,40
Chikien47,VND,40
minhhoast2002,VND,40
Laode974,IDR,40
Huyetle1,VND,40
nabetarou,USD-JP,40
an25061987,VND,40
congbongsen,VND,40
thythy90,VND,40
Hohoangthach25,VND,40
Bamen1,VND,40
NhuLuc110992,VND,40
Thanagorn1991,THB,40
JABILL12,IDR,40
dangcuong89,VND,40
tranquangtk,VND,40
tanduoc1986,VND,40
Khonan,THB,40
Alberto84,IDR,40
harez,IDR,40
tochimpetshop,VND,40
quyetchiendau,VND,40
wayway1992,VND,40
godwishtohappens,IDR,40
Dangkhoa11110,VND,39
Kenbokad,VND,39
nguyenbatoi1999,VND,39
Oumpimy,THB,39
pungpond003,THB,39
Ctbn1102,VND,39
AK29101976,VND,39
Buidanganh,VND,39
angelnight462,VND,39
Quangberlin,VND,39
Dangquangvu23589,VND,39
Hiepnhim83,VND,39
choixalang720129,VND,39
au1789,THB,39
LPVinh,VND,39
pradeepkh6,INR,39
kyniem222,VND,38
Vuphuongtueanh,VND,38
nicholasoo,MYR,38
TUANDOAN124,VND,38
Marhael,IDR,38
Begbuzh,IDR,38
Namdukich,VND,38
chuxong,VND,38
Nhattuyen1983,VND,38
Babinh838,VND,38
vansao123,VND,38
Kinhkha123456,VND,38
Tanh54321,VND,38
ngaydaichien,VND,38
hunghip85,VND,38
kaptenindonesia,IDR,38
laksanachai,THB,38
suchrat01,THB,38
signal1554,THB,38
vanhoang904,VND,38
waling,IDR,37
Meotom0707,VND,37
Luckyhikari21,IDR,37
Cuocsongkimtien,VND,37
LT7979,VND,37
prime1111,VND,37
937492015,THB,37
givemehop999,VND,37
minhanhpro999,VND,37
thienbv,VND,37
beinglove1987,VND,37
Bent87,IDR,37
royalkun,VND,37
Datcoi365078,VND,37
conradback,THB,37
osaga,THB,37
abillbox,THB,37
Profaapp,THB,36
Mardinly,USD-JP,36
Hungab91,VND,36
BOBO668899,VND,36
Dodas88,IDR,36
Namngh0209,VND,36
Baron43,IDR,36
erictnguyen,VND,36
Suherman123,IDR,36
Tranchan082,VND,36
Nhaquan686868,VND,36
Vuilachinh999,VND,36
bdc2018,VND,36
Alfreddo0106,IDR,36
yomam1234,THB,36
toitam,VND,36
pulausedanau,IDR,36
alexchanhs,MYR,36
Saba001,VND,35
Cuyeu,VND,35
winmoney8888,MYR,35
vu1291,VND,35
Widana007,IDR,35
Quanyuki1989,VND,35
tawanmath,THB,35
ThanhHungPham,VND,35
mamrich28,THB,35
donmarcokeple01,IDR,35
Vovara28,THB,35
woraphan,THB,35
vampire1471,VND,35
doanpv2204,VND,35
gorilaz1771,IDR,35
b4406321,THB,35
wisen888,IDR,34
aotoo66,THB,34
Xfile89,VND,34
EJ88,IDR,34
Boxhouse88,IDR,34
Saothuahoai,VND,34
Tongthu,VND,34
JayChu91,VND,34
Cuong6790,VND,34
Markri,THB,34
panzeero1991,THB,34
Saosang76,VND,34
tnson181993,VND,34
bongno0207,VND,34
ngthanhbinh90,VND,34
HuyToan91gl,VND,34
Leomoot,IDR,34
BK999999,VND,34
Minhtiennguyen,VND,34
Duanhtu,VND,34
kantar2hoang,VND,34
Ak47ship,VND,34
tungle1989,VND,34
DavidNG8889,VND,34
riosilver,IDR,34
cuongmaytinh,VND,34
sydney2016,VND,34
dach58,THB,34
anan007,THB,34
ANHHUNG77,VND,34
bidon1985,IDR,34
thanhbinh2812,VND,34
kook26,THB,34
Vivek10,INR,34
huuvjnh88,VND,33
hongocquang1122,VND,33
sun7sea,KRW,33
Thanhduoc2023,VND,33
Lnvh679,VND,33
Duong268,VND,33
Dinhphuocloc238,VND,33
Hongha9876,VND,33
quangminh1976,VND,33
Joneskaturkjw69,THB,33
cuden123456,VND,33
haikm71,VND,33
allex88,VND,33
duycum,VND,33
simeon,IDR,33
Ex888Ex,THB,33
trungcuong8686,VND,33
loizhewa,IDR,33
kepong7709,IDR,33
tompsq,MYR,32
Levan1975,VND,32
Marni777,IDR,32
Babybon9,THB,32
pigletc,THB,32
vumai11082023,VND,32
Chuoi2023,VND,32
Aoyy5166,THB,32
Borisjanson,IDR,32
galaxy2001,VND,32
Bomatday1992,VND,32
Luuvanvu1990,VND,32
Sokran13,IDR,32
Quocdoai90,VND,32
Aekrawee,THB,32
Thuylam2010,VND,32
thuanit18,VND,32
iva07,IDR,32
Mairua123,VND,32
sattra2010,THB,32
8-Jul,IDR,32
phannhutminh,VND,32
4EveTKKG,VND,32
tienlatatcanhe,VND,32
bifa5588,MYR,31
Hoangocnguyen90,VND,31
Quangdieu1986,VND,31
Luudan1985,VND,31
Taihama12,VND,31
Cuongilcsgn,VND,31
Chinhan20042022,VND,31
Nhancdt2021,VND,31
khoavungtau,VND,31
Thaivipst3111,VND,31
Trungthuy244,VND,31
exass120,THB,31
Zzuyen2001Zz,VND,31
Tranvanphong1987,VND,31
Bienhung19994,VND,31
Duyendat123,VND,31
Bd0974879697,VND,31
Yinyicheng,VND,31
Ngadino98,IDR,31
Xxxx7777,VND,31
satchi,IDR,31
Rismawati5,IDR,31
mtam1703,VND,31
issariya2522,THB,31
huunhatbinhdinh,VND,31
cutom1111,VND,31
batkhchien,VND,31
nguyenhungkl,VND,31
NamphucJSC,VND,31
thanhlap,VND,31
Quanghant,VND,30
vothang6789,VND,30
Thaobtt,VND,30
gran345,USD-JP,30
Mprozar1,THB,30
ndtoan34,VND,30
earth2728,THB,30
Sangsiro1988,VND,30
livescort,VND,30
thanhliem3245,VND,30
huuvong1122,VND,30
Theeryut123,THB,30
phatloc09,VND,30
cuongdongnai,VND,30
wempydadu,IDR,30
hoanganh0702,VND,30
Azzura,IDR,30
manulove2729,VND,30
spankingtb,VND,30
choitoanthuari,VND,29
Lenhuon,VND,29
Anhduc85,VND,29
dvtcpt,VND,29
nguyenrinhoca88,VND,29
Make235,VND,29
lethien1989,VND,29
Tanid19,THB,29
Duyphuc87,VND,29
Vanteo991987,VND,29
Jajaljalu,IDR,29
Ttttt90,VND,29
Nguyenvutoi,VND,29
Strongman218,VND,29
truongthidiu,VND,29
Longnmhp,VND,29
InfinityBet,IDR,29
leminhhieu1234,VND,29
popeye2535,THB,29
alex9999,IDR,29
Nagaemas8888,IDR,28
Meron1111,VND,28
TBdang,VND,28
Teobp68,VND,28
arvinyar,IDR,28
Thiennevi0610,VND,28
Fanilynn,IDR,28
Wilianminhnt17,VND,28
Cuonglee27,VND,28
Thuanreus10,VND,28
974000157,VND,28
namga2003,VND,28
royaltruong263,VND,28
jimy86,VND,28
gohanfar89,IDR,28
DANGDUCHUNG82,VND,28
minhtien90,VND,28
idrus123,IDR,28
buroco91,IDR,28
peterborough,THB,28
Mongvan1992,VND,27
cuongdoang,VND,27
Lyly1982,VND,27
tlswodyd4123,KRW,27
luanbc,VND,27
Mbekkk,IDR,27
Cuong22101990,VND,27
Sonlumap1,VND,27
NGUYENHUUTRI13,VND,27
hieutroc188,VND,27
trupngchinh,VND,27
Minhphat77,VND,27
Helloween1988,VND,27
Anhminh2019,VND,27
Hobinh9999,VND,27
lamdai235,VND,27
Han1991,VND,27
Nw25101978,VND,27
Kingkong78,IDR,27
surita7979,VND,27
Hpthanh,VND,27
Grandpersie,THB,27
agiltrip,IDR,27
letrunga1,VND,27
donlachai,THB,27
choichovui12345,VND,27
xidott,VND,27
quangtien68,VND,27
vitdonan1983,VND,27
daonguyenvu,VND,27
awee78,IDR,27
anhloveth,VND,27
maldinmarty,IDR,27
dolkiya,INR,27
poopae8888,THB,26
Vohaingan2811,VND,26
Diyonna1988,IDR,26
kimchingocdiep16,VND,26
Trangiang1234,VND,26
kheiril,MYR,26
Nw888888,VND,26
Olpyy,IDR,26
Hien1352,VND,26
Duytan188,VND,26
BINDOS1000,IDR,26
Hoabingan76,VND,26
frendisetia1996,IDR,26
tranxuanbinh66,VND,26
trinhminhdung280,VND,26
theson79,VND,26
L2camael,THB,26
thuongkent,VND,26
kedaikho08,VND,26
337331933,VND,25
sukmalibra,IDR,25
samsole,VND,25
Anhvip6789,VND,25
Hoangsc30,VND,25
Thinkarik0610,VND,25
biabcr1305,VND,25
Lisa26,IDR,25
tronghuynh1999,VND,25
Huhubidanh,VND,25
Mujel123,IDR,25
Dh1988,VND,25
mrchocolate11122,VND,25
Jeff1991,IDR,25
Lhhiephan,VND,25
Wayzy55555,THB,25
trantoan87,VND,25
Manhvip1988,VND,25
luuxuanhung1988,VND,25
hoangtho11188,VND,25
ninhku13010310,VND,25
thinhvuong150710,VND,25
hoanglong0401,VND,25
Lamba8787,VND,25
alwaysreza,IDR,25
thanhtrung1803,VND,25
hoangminh651,VND,25
ngoctin2024,VND,24
Mw0605,VND,24
tuanliv9485,VND,24
tiugialuong,VND,24
shiendy,IDR,24
Minhquyenpham,VND,24
Thanhluyen123,VND,24
Dungle9,VND,24
anh010180,VND,24
yesterdayptd2710,VND,24
Inanhiendai40,VND,24
THANHDUC123456,VND,24
Nguhien123,VND,24
son2272,VND,24
Arlian076,IDR,24
Yanuarsas,IDR,24
Dave44,IDR,24
dkingnam168,THB,24
prs24ff,THB,24
nguyenhuyxuan1,VND,24
thachapon,THB,24
sonquangnam,VND,24
thanhgreenport,VND,24
thanh55xd1,VND,24
game222love,VND,24
klo12,IDR,24
chauwei,MYR,24
ferlyhar0509,IDR,24
NutFaiii,THB,24
rightnow,VND,24
aaa1970,THB,24
Sriutami1204,IDR,23
Danzer3012,VND,23
Enggar5758,IDR,23
nguyenphuong1806,VND,23
Tigergood1905,VND,23
MCDR,IDR,23
943383886,VND,23
JP898,IDR,23
Hanoi195,VND,23
Ghali85,IDR,23
thanhphong199,VND,23
Huyetle1986,VND,23
tuantptb2222,VND,23
Quangvinh1609,VND,23
0389695775lqh,VND,23
983288737,VND,23
Wei86,IDR,23
Ludocba456,VND,23
Sangnguyen10138,VND,23
traderman,VND,23
hotclick888,VND,23
Beruangputih,IDR,23
porpossatorn,THB,23
sanyoto87,IDR,23
SINUrezkiHAJI,IDR,23
funny2012,VND,23
Ducanh2348,VND,22
ronadolz,VND,22
86lelien,VND,22
Berkham,VND,22
Phenden12345679,VND,22
Bokho500,VND,22
Lia2007,IDR,22
901104818,VND,22
Hafizul2508,MYR,22
Kiet975110011,VND,22
phamvannamhp1982,VND,22
Thuydola86,VND,22
Naidolla,VND,22
0976145525quyt,VND,22
Bacpesi86,VND,22
kingofall15,VND,22
tienhung2019,VND,22
Chunkimbum,VND,22
Zonvit,VND,22
bossydh666,THB,22
coklatdarinumba,IDR,22
thanh1988xx,VND,22
Phat11111,VND,22
bignat888,THB,22
phaisannaja1,THB,22
Quyennd179,VND,22
soidemvn91,VND,22
Leonardo159,VND,22
Adylorenzo84,IDR,22
saifahlab,THB,22
gunawan955,IDR,22
pendachuong,VND,22
amie888,IDR,22
A090909,THB,22
bozziie,THB,22
puranich,THB,22
yohanes73,IDR,22
B1NC3,IDR,22
Adba8899,IDR,21
Komvi2551010,THB,21
Hang199,KRW,21
XuanKhoi,VND,21
Vothuan1985,VND,21
Vuankhe123,VND,21
Huong567lien191,VND,21
Khang210896,VND,21
Nguyet8093,VND,21
tranvanchuyen,VND,21
Ngoxua1985,VND,21
To456,THB,21
KAKPETIR,IDR,21
Oanh123456789,VND,21
apalah123,IDR,21
Mai0057,VND,21
oiledailoan79,VND,21
cpk05,IDR,21
giaothua2019,VND,21
maulanameidy,IDR,21
nguyenthetrong90,VND,21
nanginndu,IDR,21
KIENCUONG888,VND,21
kawnajan,THB,21
968308888,VND,21
SUSANTI007,IDR,21
chudeptrai91,VND,21
NdrewWijaya,IDR,21
hieuxd01,VND,21
tomich14,IDR,21
macintosh7272,IDR,21
phanlinh9261,VND,21
vinh03042905,VND,21
romanticman,THB,21
wirotabac,THB,21
Ben1hit,VND,20
Congduc2631987,VND,20
tancachep87,VND,20
Vietin999,VND,20
masnam88,MYR,20
Buoichin99990000,VND,20
wpng5,MYR,20
Siadik10,IDR,20
Jaykehed,IDR,20
sandykuntul,IDR,20
Uber123456789,VND,20
Tranngocuc999,VND,20
Ponot99,IDR,20
rongthuysinh389,VND,20
cepwirid,IDR,20
Annhien0506,VND,20
matrix868cb,VND,20
Lyhoan180788,VND,20
Suti1709,VND,20
Dodyandika,IDR,20
khoababy2222,VND,20
jaruwut39,THB,20
linhbabop,VND,20
Chintana,IDR,20
refano8888,IDR,20
rizzbak,IDR,20
chuoixanh189,VND,20
xuanbao44,VND,20
thinhcon1102,VND,20
judbao,THB,20
ledinhdu,VND,20
vovandat1999,VND,20
hoangnt,VND,20
Buiphuong1985,VND,19
Akai2804,VND,19
Tuanle365,VND,19
huynguyen9268,VND,19
Vietin0666,VND,19
Ca3333,VND,19
Koy1229,THB,19
Tuan27021998,VND,19
772614168,VND,19
Duynh379,VND,19
Letrongnhan2022,VND,19
Luom23111982,VND,19
Aml1989,IDR,19
benkink9x,VND,19
374808084,VND,19
Thuyan2000,VND,19
HoHiep7989,VND,19
933763043,VND,19
m05q0123004,VND,19
Haiphong34,VND,19
M0916686937,THB,19
Hoanglinhdan2019,VND,19
Hongheo,VND,19
Lon962315,THB,19
pdhh0811,VND,19
fafamin90,VND,19
manu654321,VND,19
Anjarok,IDR,19
Blue1905,THB,19
thanhnam60,VND,19
romilda20,IDR,19
IVAN7777,IDR,19
DeawwyAtm,THB,19
SIJAGOANNEON,IDR,19
embre1088,THB,19
Laparatomi,IDR,19
binhphuong108,VND,19
Razor94,IDR,19
ngtu1975,VND,19
Panunball,THB,19
tong1990,THB,19
thoivanhoi143145,VND,19
vanthanhnhoc,VND,18
nquy999,VND,18
Mitsushi,USD-JP,18
Adelson44,IDR,18
Romeoccd,VND,18
mariox,IDR,18
anhhungquy2,VND,18
SIKCHAN,THB,18
laoquai1981,VND,18
matelo,IDR,18
Arsene666,IDR,18
Happypapi,IDR,18
Mitt2010,VND,18
Dong161192,VND,18
221295,VND,18
Vaobodiem6879,VND,18
toptop2487,VND,18
dekdoy1,THB,18
satahi12,IDR,18
N12345678n,THB,18
Quangle2020,VND,18
Horree,IDR,18
tcnguyen1212,VND,18
sang0879,VND,18
Hovantuong,VND,18
Dicky0PQ,VND,18
jimmymee,THB,18
Yutong79,IDR,18
vohuunghia3,VND,18
lukasang14,VND,18
vanthanhtranld,VND,18
Stev7n,VND,18
tvd1234,VND,18
Sacdomg12,VND,17
bonbeoban,VND,17
srajaulam,IDR,17
w333777888,VND,17
Tunchels1,VND,17
Player6368,VND,17
laivantoi1,VND,17
Thuab789,VND,17
Agc1989,IDR,17
thaydecantho,VND,17
HoDuc1010,VND,17
Capsaboyaa,IDR,17
dentute1,VND,17
Dave990,IDR,17
mta19888,VND,17
Phuckhang2018,VND,17
bayifarhan90,IDR,17
khanhnd48,VND,17
Nhungnhihoan,VND,17
havidah,IDR,17
pengoc1511,VND,17
labureke88,IDR,17
Hoilamja,VND,17
Moom23,THB,17
Uptoyougujetdo,THB,17
29081982,VND,17
phuchp123,VND,17
jonytran92,VND,17
nhatdung6789,VND,17
GNC2008,MYR,17
buithesy85,VND,17
vuacado1405,VND,17
Minhhi84,VND,17
myduyen89,VND,17
hokie777,IDR,17
thethanh295,VND,17
Ceecodd,THB,17
meocon1978,VND,17
bagusaja,IDR,17
mbahgel,IDR,17
Rajnesh12345,INR,17
Cynny1987,VND,16
3513567124,VND,16
vanhoang24,VND,16
MANGHIA94,VND,16
ngaxinhgai,VND,16
hermansyah78,IDR,16
Thanh1235thanh,VND,16
karawang01,IDR,16
Okdichu,VND,16
Oanh08,VND,16
Cauutxaco1993,VND,16
Wavekid94,VND,16
Toro113,VND,16
Widrodo99,IDR,16
Hagao9999,VND,16
Mycuong1985,VND,16
Thanhnam66,VND,16
kakachied01,THB,16
luci2712,VND,16
Phattrinh2905,VND,16
Nvt22021994,VND,16
E200dong,VND,16
ArcaB29A,IDR,16
DuyNgost,VND,16
babymouse88,IDR,16
Zlleer,THB,16
phamvutuan,VND,16
NamKhanh2014,VND,16
nhicuu29vip,VND,16
mnavy,THB,16
zainmudza01,IDR,16
tshien,VND,16
somsak55,THB,16
lionking1987,VND,16
wengky,IDR,16
makata39,VND,16
Makina,IDR,15
Kientrungbmt84,VND,15
Chienthang921,VND,15
Oli888,IDR,15
peerapat777,THB,15
vinMB5,VND,15
Moichoiah,VND,15
Chooyan,MYR,15
Jeimss88,IDR,15
pocky213,IDR,15
Kira4404,VND,15
Phuoctp,VND,15
Baotm,VND,15
Saungaygiongbao,VND,15
Linemusik,IDR,15
aldihzn777,IDR,15
congrua4747,VND,15
Thekid3232,VND,15
Mabor123,IDR,15
mlucky68,VND,15
Caiwindao,VND,15
Ciponglim,IDR,15
Phucthien6789,VND,15
Siwin9999,IDR,15
danirianto19923,IDR,15
Giangnguyen1993,VND,15
Kongpop2525,THB,15
duythauphu,VND,15
rlbaja17,IDR,15
Trieuquangnhat,VND,15
BabehDJ12,IDR,15
meobeo87,VND,15
Trunghoa09,VND,15
trantrikhai7879,VND,15
davii20,IDR,15
Quangnhut738,VND,15
levanhung1983,VND,15
huyton1888,VND,15
belleborhin,THB,15
belubis,IDR,15
kruwul,IDR,15
rukawa7,THB,15
mrdoankhai8x,VND,15
dicky1103,IDR,15
conggaht,VND,15
Hol3335544999,THB,15
vothuong85,VND,15
prasit2522,THB,15
phinsiri,THB,15
privacy01,IDR,15
chanchonvn,VND,15
traitimcodonhp,VND,14
Cucaibn,VND,14
Momon909,IDR,14
Kk12,VND,14
Bichtram85,VND,14
leminhbettai,VND,14
HungnhiDk,VND,14
388149846,VND,14
Zhaar02731,THB,14
ANHTHUC97,VND,14
Suryautama,IDR,14
huynhducminh,VND,14
phucnumne,VND,14
Yim121234,THB,14
Vader99,IDR,14
Aldobas91,IDR,14
cunbeohp,VND,14
ozhye01,IDR,14
Thanhbung2020,VND,14
Hadimarsudiono,IDR,14
baov2020,VND,14
Indra313,IDR,14
suttipong411,THB,14
Dopelemon77,IDR,14
Chiluong1987,VND,14
Natthawat55,THB,14
pom91,VND,14
astralis88,IDR,14
duylinhfb08,VND,14
Nghialangtu1987,VND,14
Huyhoang979,VND,14
Mankbk999,VND,14
hieutran084,VND,14
ihalimk,IDR,14
iqbalbramfauzan,IDR,14
arsenal79az,VND,14
areno089,THB,14
jakaarsy88,IDR,14
colentuioi,VND,14
1234phuoc,VND,14
hoangtheanh82,VND,14
quocdoannguyen,VND,14
lee7vinh,VND,14
vidipha,VND,14
volehuy,VND,14
buitrunghieu1984,VND,14
kingalex8x,VND,14
tanbinhvippro,VND,14
purethekop,THB,14
vinsyha,IDR,14
pongsakorn52,THB,14
Megajaya8888,IDR,13
Phucmenh1982,VND,13
Yenlan1985,VND,13
camsanh9999,VND,13
Muhzen,IDR,13
qqqchan,USD-JP,13
mynhouse,VND,13
thphong195,VND,13
Sult2408,VND,13
royaltruong91,VND,13
Tanthinh90,VND,13
Johnrocky,IDR,13
Piracy201683592,VND,13
Prays4immortals,VND,13
Vuixuan2021,VND,13
prathum123,THB,13
Thanhhai199,VND,13
boy111111,THB,13
Thanh83vu,VND,13
babiguling88,IDR,13
Bantayvang88,VND,13
Nguyenvannga83,VND,13
Naymark,THB,13
shezan09,IDR,13
Catoz,THB,13
Diemviet9188,VND,13
tth1106,VND,13
aofaof35965,THB,13
bobo156666,VND,13
hoanghon1,VND,13
luckiwell,IDR,13
zamer,IDR,13
Muctieulon2017,VND,13
todsgun,THB,13
Tuanh85,VND,13
boypalyboy,THB,13
hienstar,VND,13
Venremchau,VND,13
boi88,IDR,13
Xuandinhcap1,VND,13
bati33,IDR,13
ommbotax,IDR,13
roby1823,IDR,13
ppjj2210,THB,13
cacbuso1,VND,13
temtran1107,VND,13
narinwee,THB,13
son73,VND,13
rewadee,THB,13
tocxubabyhyt,VND,13
HoangQuyenlk,VND,13
deedi,IDR,13
rencong87,IDR,13
Thomaszz,VND,13
dungnguyen090,VND,13
mm88hp13,IDR,13
casablanca77,VND,13
PremoveAA68,USD-JP,12
Tuanquan1998,VND,12
thuyhanh1408,VND,12
Igan01,IDR,12
TranVangDong,VND,12
thanggu1973,VND,12
Minhanh122,VND,12
hieut7841,VND,12
Namle89,VND,12
denocrews,IDR,12
toib2996,IDR,12
phanie16,IDR,12
sang682,VND,12
Thanh24091999,VND,12
vuduchanh1987,VND,12
Anhtuan139,VND,12
Kla2324,THB,12
Linhtrung2022,VND,12
Buon123,VND,12
askana14,IDR,12
nguoidisan222222,VND,12
Khongkhathi10,VND,12
Vuixuan21,VND,12
Chinh173,VND,12
Padi99,IDR,12
Chilli250121,VND,12
ngokku,VND,12
Vuiixuan2021,VND,12
Dangphitan,VND,12
Jnk5603,MYR,12
Tuangiau03810,VND,12
Quang000138,VND,12
pastimeunang21,IDR,12
Gafuse35,THB,12
phuanpha62,VND,12
Lien0408,VND,12
Tuanh2pro,VND,12
hoangkhang1988,VND,12
Blesak31,IDR,12
Congak,VND,12
atiwat198,THB,12
Vutran1986,VND,12
kaewseengam12,THB,12
hanvu6868,VND,12
arjinchai888,THB,12
bahorok1,IDR,12
baca6789,VND,12
Serpentin,IDR,12
cuongvf,VND,12
tobing1976,IDR,12
chinnapat123,THB,12
hoangtuxuthanh,VND,12
cs104,IDR,12
d0460264,THB,12
kritstu,THB,12
ToXicSumit,INR,12
Ronisikumbang79,IDR,11
Vanloi99,VND,11
Dinhbathai94,VND,11
dewi8877,IDR,11
Chabong333,VND,11
cua39,VND,11
Meoden11,VND,11
Hoathu1978,VND,11
Khochada1995,THB,11
psychos,THB,11
Kunya1954,THB,11
Phuclocphuc,VND,11
Son19771977,VND,11
Ducminhquang88,VND,11
namgiauco,VND,11
Dinhson1971,VND,11
vanphu150700,VND,11
Bewok2203,IDR,11
sincross,IDR,11
nhisilly,VND,11
mars09,IDR,11
Vietdq1974,VND,11
Rizkat99,IDR,11
vinhgomsu6868,VND,11
cocacola135,VND,11
hienthao8869,VND,11
haihungdung21,VND,11
Phonglongson123,VND,11
goku66668888,VND,11
faisallazie,IDR,11
Cuong1410,VND,11
ThachTrat,VND,11
Batox123,IDR,11
Duonglieu29,VND,11
longhovn,VND,11
minhvukimlong222,VND,11
Boyhajduong,VND,11
duc197899,VND,11
Supper1234,VND,11
Thanhthienbui,VND,11
giapa3,VND,11
chanchai22336,THB,11
arsenalfans,MYR,11
Fasteb492,IDR,11
Zidanarfa,IDR,11
huudai0611,VND,11
luxcaerulea,IDR,11
banhthanhtu,VND,11
hoanglo31072013,VND,11
huybup120313,VND,11
Hieunguyen4095,VND,11
nhattruonglehan,VND,11
VUTHANHHIEN,VND,11
taboko,IDR,11
phongtrinh,VND,11
chongtecktien,MYR,11
hung19990,VND,10
Puy168,THB,10
Piracy1603,VND,10
Hung1990199,VND,10
mm1919,KRW,10
Menangterus31,IDR,10
Pvsu11,VND,10
Ha8282,VND,10
Dankzerd77,IDR,10
Kieutuan122,VND,10
Indokitai,VND,10
Thuaqa1,VND,10
Vi1234567,THB,10
HendityaSurya,IDR,10
Sonho221276,VND,10
b77,VND,10
fander22,IDR,10
Tanngodinh1202,VND,10
Namnguyen139,VND,10
Sacmau2023,VND,10
Derypp12,IDR,10
thythathy,IDR,10
Bao392003,VND,10
Agus030378,IDR,10
Papillons89,VND,10
Galoii,VND,10
oppungbeans9,IDR,10
tttt92,VND,10
Ptviet1991,VND,10
Huykhangtrang12,VND,10
nimono1234,VND,10
Tcodoc215,VND,10
Misunshrek,THB,10
Vuichoi6789,VND,10
Junseo86,VND,10
nitnhoi,THB,10
Tronghieu2016,VND,10
Sanaech,THB,10
apim0724,THB,10
Gabonmat29,VND,10
sinhton678,VND,10
aloalo668,VND,10
sandyzh,IDR,10
gaston88,IDR,10
beunget,IDR,10
congthaiwww,VND,10
thaibinh2017,VND,10
Avid26,IDR,10
denyapan,IDR,10
Danamon1991,IDR,10
rannydendy,IDR,10
simasterhoki,IDR,10
diep122132,VND,10
trungin97,VND,10
torres1984,VND,10
kinggad,IDR,10
dothanhkhanh,VND,10
quangh,VND,10
ngoctien60,VND,10
hoangpham87,VND,10
carbonman,THB,10
vuaspam007,VND,10
Hoangvn1985,VND,10
akiho48,MYR,10
vinhduyen,VND,10
trungngoc23,VND,10
traitimbuon6,VND,9
Pmh1212,VND,9
Chien12345678910,VND,9
Huynhtron123,VND,9
Dunghoi1992,VND,9
Jembutpink,MYR,9
Gatan123,VND,9
Bipluonbanthan10,VND,9
lehuutaic3,VND,9
ninhbl86,VND,9
DinhDinh12345,VND,9
phitoan92,VND,9
THIENPETFUN,VND,9
Kampiranont,THB,9
Khongngayve,VND,9
Rickira94,IDR,9
Kim1982,IDR,9
Tuan66669999,VND,9
canghuehung,VND,9
rokhmi21,IDR,9
Dhtam,VND,9
Vinhtran2402,VND,9
Slhandro,IDR,9
Khanhngan1607,VND,9
num7945,THB,9
dika1996,VND,9
Thanhnguyenfc,VND,9
Saoki1234,VND,9
Axldeca,IDR,9
hungle567,VND,9
nucnichmo,VND,9
gata06,VND,9
Farita1532,THB,9
Indah4646,IDR,9
hung2181998,VND,9
Nguyentu918,VND,9
Noolekzaa,THB,9
Faqir,IDR,9
phd89,IDR,9
Bbb34,THB,9
Casanova6789,VND,9
sabadeehey1,THB,9
Namkante90,VND,9
Hungnguyenm116,VND,9
Ariefk,IDR,9
ntt2204,VND,9
Minhti146,VND,9
tuannatuanna000,VND,9
vuabip22288,VND,9
Thehuy8744,VND,9
teerapat1993,THB,9
xuanduy3061992,VND,9
jatupoom12,THB,9
siwin80,IDR,9
vick02,IDR,9
814560551,THB,9
buihuuvuong,VND,9
LYONICE,IDR,9
editama,IDR,9
irwan1990,IDR,9
thaiquangloc,VND,9
hoathanhhoa12345,VND,9
cadoonline113,VND,9
aotto,THB,9
rintoel,IDR,9
pangek,IDR,9
ad52har,IDR,9
righvex,MYR,9
surasit2011,THB,9
lucky7795,IDR,9
balyks,MYR,9
FLY3383,INR,9
numponmahawong,THB,8
MrSiro3679,VND,8
Rmd024,IDR,8
981139944,VND,8
MOCMEO8283,VND,8
kenkuthang,VND,8
Naml9797,VND,8
He89680001,IDR,8
978481489,VND,8
Trinh12345678,VND,8
nattapat10,THB,8
23rahmaw,IDR,8
Aofbutic29,THB,8
Vuha8686,VND,8
vanvu210798,VND,8
Giabao9988,VND,8
123Satthu321,VND,8
Mekoonsen11,THB,8
Morai99,IDR,8
irwan0123,IDR,8
DW855,IDR,8
Bunbun0813,VND,8
Tertin13,IDR,8
thiklafan,VND,8
Quang9x05,VND,8
eaor2529,THB,8
Camm9999,VND,8
Phuongtra5,VND,8
Bigmac52,IDR,8
Jes150815,IDR,8
khuongnv,VND,8
mnguyen2203,VND,8
Tuannvt2021,VND,8
LFC14,VND,8
Kiro81,VND,8
Trijoko,IDR,8
TRANTHANHLOI,VND,8
bosschik,IDR,8
19wbr528,IDR,8
locphat686878,VND,8
thaibinhduong099,VND,8
Kawaz2016,VND,8
tungtrinh1402,VND,8
Cugold241115,VND,8
rifkidi,IDR,8
Hiroshimastory,VND,8
hkc86,VND,8
nestorngoan,VND,8
superwon201,IDR,8
Theflook,THB,8
caoboimax,VND,8
loveyoubeer,THB,8
anhtam2212,VND,8
Chipson2409,VND,8
levanthong87,VND,8
bri0001,IDR,8
Hndraplpb,IDR,8
BHUmin152,THB,8
mujairm88,IDR,8
mifta99,IDR,8
tanjungpasar,IDR,8
permoskubpom,THB,8
dzuchanhai,VND,8
nguyenlaphieu,VND,8
huynhhoanglong,VND,8
nvluan,VND,8
vuongquocchinh,VND,8
heber,IDR,8
crowsx,THB,8
CIVIC2645,THB,8
chenhauw,IDR,8
KDI0055,IDR,8
taboao,THB,8
Tuananh221196,VND,7
Vailuan,VND,7
Vivek8,MYR,7
Haidang9z,VND,7
Khanhcute83,VND,7
Zhielong93,IDR,7
Lemobi123,VND,7
Alfarizky123,IDR,7
Henglucky16,THB,7
Acing1234,IDR,7
Duoc0606,VND,7
quangnhat18,VND,7
Redzone610,USD-JP,7
bao123baobao123,VND,7
franklin33,IDR,7
maria1819,IDR,7
RFM,IDR,7
Maidubai,VND,7
tuandieu3004,VND,7
Hoangphu231988,VND,7
Dinhgiang3486,VND,7
bbbbig1234,THB,7
Phuchuong124,VND,7
beyondgodlike650,MYR,7
atan3850,MYR,7
Ridwan0,IDR,7
rubbish13,MYR,7
Kotakrokok,IDR,7
Tienveyenson2022,VND,7
tonbac,VND,7
aulia4894,IDR,7
Johann96,IDR,7
hokien1989,VND,7
MDR1234,MYR,7
Putra1729,IDR,7
leecee993,VND,7
Khanhhuyvichi123,VND,7
Mackercvl,VND,7
Kusfandi17,IDR,7
hoangtom1995,VND,7
Kubjn270690,VND,7
Piracy190694,VND,7
Tuan1388,VND,7
frs308,IDR,7
Mn99999,VND,7
Jokoelectric,IDR,7
chiencoi1989,VND,7
867083878,VND,7
Tommao78,VND,7
Veeya,THB,7
PSRD3693,THB,7
kodokhokky,IDR,7
lakhai1012,VND,7
Hongson9999,VND,7
Bavan98,VND,7
932281294,VND,7
Sangtrangsyt,VND,7
Oliver4997,THB,7
I5417r,IDR,7
Huynhluong1985,VND,7
Traiiingheo123,VND,7
xxxwww,IDR,7
tuan98,VND,7
Sport1102,VND,7
Arem499,IDR,7
ikwaiaonza01,THB,7
VuHoangYen,VND,7
palm016,THB,7
thientinh2009,VND,7
tuyetti,VND,7
Yotza00,THB,7
Adipradita34,IDR,7
nampuzzz,THB,7
Minh56868,VND,7
bavaria85,VND,7
cminh,VND,7
putawan,THB,7
vancan79,VND,7
nadzim,IDR,7
peck9527,THB,7
wicrian,THB,7
ziihmf9083,THB,7
thandongbongdabp,VND,7
lethanhmen,VND,7
minhkhoa1977,VND,7
zyt73,IDR,7
pepsilove,THB,7
nu37373838,THB,7
jackwillyam,IDR,7
agolie,IDR,7
tuanhy,VND,7
Yusuke,THB,7
thatthienhai,VND,7
xyzr123,VND,7
edwardsinaga,IDR,7
reza22,IDR,7
jayza056,THB,7
hoangtungoc040,VND,7
truonggiang68,VND,7
sieghartzz,IDR,7
gagankumar,INR,7
Arpan10,INR,7
x0472,KRW,6
Dung0972,VND,6
Tumsory,THB,6
hoang24,VND,6
heoconminhon,VND,6
946755355,VND,6
Chedauxanh,VND,6
Pae16255,THB,6
NGXVHIEU,VND,6
Nga22,VND,6
kondoball,THB,6
Bbbbbb2302,VND,6
Tutran92,VND,6
ngoc909,VND,6
Pipi1133,VND,6
Gamegame99,VND,6
Buktang,THB,6
ChuaChua5117,MYR,6
Tamheo12345,VND,6
Phitri32,VND,6
Canh1238,VND,6
huynhleminh,VND,6
Arzi,IDR,6
Onojomsi14,IDR,6
Reybeb307,IDR,6
Juliano07,VND,6
dongkhanh86,VND,6
Hunter131992,VND,6
Ripai033,IDR,6
anjenglah69,IDR,6
leanhnam123,VND,6
KKKWIN,USD-JP,6
Nguyenvantai1986,VND,6
Trong8,VND,6
Cuongzoro,VND,6
Zoyer,IDR,6
Thangcong1973,VND,6
Emgaivo,VND,6
LucDong999,VND,6
Sibang87,VND,6
Pic251091,VND,6
Xoai2020,VND,6
Peem159,THB,6
Gogowin1927,IDR,6
Duchoi90,VND,6
Azkiya23,IDR,6
Piracy160320,VND,6
toantam56789,VND,6
uthe14,IDR,6
STIMULAN,IDR,6
binhbmtt6789,VND,6
Ginga,IDR,6
Lethemy68,VND,6
manhle121314,VND,6
Spirn2558,THB,6
Dansen77,IDR,6
philong168,VND,6
Aldihzn77,IDR,6
Eka1414,IDR,6
anjingbalap69,IDR,6
SaiThanh2020,VND,6
m88huynhgiang,VND,6
bithui2410,VND,6
Phamhonglien89,VND,6
Kristanto25,IDR,6
mrsimple1984,VND,6
Songxobo193,VND,6
dauthin,VND,6
superardi007,IDR,6
Ms88mr,VND,6
Adptoks,IDR,6
quantaomoi,VND,6
Nakenop4,THB,6
Tuyet31122012,VND,6
Hoanghai6788,VND,6
Fonemyfriend,THB,6
asia78232,THB,6
Jimmytannguyen,VND,6
duonggianhi09,VND,6
DINACONG79,VND,6
lutfy08,IDR,6
978697535,VND,6
Bongda06,VND,6
whyfi,IDR,6
sepnat21,IDR,6
chopeenn,THB,6
cocang,IDR,6
thevinhtruong,VND,6
tu30thanh,VND,6
ocha123,IDR,6
tsigalko2711,VND,6
gagap32,IDR,6
quangle202,VND,6
chongli,IDR,6
trantuanson1984,VND,6
bolamani1,IDR,6
patek,THB,6
kehuydiet5,VND,6
HLG0209,VND,6
cs1f6722bp,IDR,6
gapamhihi,THB,6
tvl0108,VND,6
tom2024,VND,5
Zethuynh,VND,5
Tranhoangth,VND,5
Xuan20241,VND,5
longquan68,VND,5
Masa225,USD-JP,5
Hung150682,VND,5
ROYALLNO1,VND,5
ultraspace,THB,5
Jojosxxx,IDR,5
Haunguyen1982,VND,5
DPM,VND,5
kingrj,IDR,5
Vanlaipham,VND,5
hailen2272,VND,5
Thanh8996,VND,5
cungke99,VND,5
Godien77,VND,5
Congtroi1990,VND,5
Coca88,VND,5
Hoangboss997,VND,5
ta163100,USD-JP,5
Kadir78,IDR,5
poolmy1705,VND,5
A10ra15,IDR,5
tucyber3939,VND,5
tepbo1508,VND,5
tum1986,THB,5
quyba73,VND,5
Hoangbac93,VND,5
Luukhang83,VND,5
Nhucao0909,VND,5
Kanjuan1009,VND,5
RajaJudi8,IDR,5
Kevin121,IDR,5
Bao2512,VND,5
ben1904,VND,5
San78,IDR,5
az1az,VND,5
Fefafc87,VND,5
Tamnhu212020,VND,5
Minhhau1978,VND,5
965470208,VND,5
Kurniawan1987,IDR,5
Nhuy2017,VND,5
D0905957952d,VND,5
hoangan8989,VND,5
ANG07,IDR,5
Sing88888888,THB,5
345dan345,IDR,5
Thanhhien1982,VND,5
Daovansul,VND,5
dnlamanh123,VND,5
Phungvietngoc8,VND,5
Apta7777,IDR,5
jonathanmoray,THB,5
565244029,VND,5
Uherman1631,IDR,5
Powell123,IDR,5
Jan-69,THB,5
978887662,VND,5
Tranvubao0111,VND,5
ikieuphongi,VND,5
Tronghuy090996,VND,5
Huynhtrungtin8,VND,5
LUOMLUA2019,VND,5
trinhloi19861992,VND,5
Gavinw2018,IDR,5
truyenbac17,VND,5
Dongta271,VND,5
surapear,THB,5
110741353,VND,5
Theearth27,THB,5
thangtnxh,VND,5
isyaone,IDR,5
mokangcom,THB,5
tangbahoa,VND,5
vanvan55,THB,5
hoanghip9999,VND,5
toanchin999,VND,5
manhduyx3,VND,5
Ntp239139,VND,5
onimarutee,THB,5
vacs243,VND,5
Afell25,IDR,5
ridho1234,IDR,5
minhluan2309,VND,5
muppet,MYR,5
tranvanuthet,VND,5
thuyduong140988,VND,5
kimvuongpy,VND,5
ayelubis,IDR,5
diman1978,IDR,5
mr6elek,IDR,5
wasior,IDR,5
BAOTRAM2013,VND,5
bicachu1212,VND,5
tranvanphong2006,VND,5
dataa,THB,5
aat6333629,IDR,5
congcang5,VND,5
bolajambi,IDR,5
RISFANI,IDR,5
arqie,IDR,5
vunguyenphuong,VND,5
netechai7114212,THB,5
mysystem99,THB,5
aek9919,THB,5
safariparawansa,IDR,5
rampam,THB,5
jaaeee2212,THB,5
yot2523,THB,5
supatin88,THB,5
kohinata007,THB,5
thirtheni,INR,5
Windha1501,IDR,4
An676789,VND,4
khanhicare,VND,4
Wayzy5555,THB,4
Taolatrum123,VND,4
NEWKING2011,VND,4
trangnguyen12345,VND,4
giaitri229,VND,4
192534jj,THB,4
theanh2212,VND,4
ReyMega88,IDR,4
Tuanmuda1741,IDR,4
Sapibeser999,IDR,4
Letuanvu051017,VND,4
Loz37,VND,4
huylanh169,VND,4
Cheyrry,VND,4
Thuongbrvt,VND,4
ArsidiM88,IDR,4
Lkolholl999,THB,4
Msmsul94,IDR,4
Khakha2279,VND,4
Tuan2359,VND,4
Quan671993,VND,4
Kotakrokok15,IDR,4
Thuy2608,MYR,4
Qv79,VND,4
Tembong1992,IDR,4
Quangkute1991,VND,4
Jhonps,IDR,4
Acs888,IDR,4
ae862538,THB,4
Vandiet10,VND,4
kokochiii,USD-JP,4
richkidd0,IDR,4
Sky8x,VND,4
Yennhi041299,VND,4
Longca1996,VND,4
PANDE1927,IDR,4
BGJK05,IDR,4
Kimcuong9,VND,4
vanvu799,VND,4
368086666,VND,4
phi1981,VND,4
Phamngoctuan1975,VND,4
Ky9919,VND,4
nessa36,IDR,4
Belivebale,THB,4
Joeyboy6556,THB,4
Loanmember,VND,4
anhlamapp,VND,4
Joharis13,IDR,4
joelvanka,IDR,4
anhquan56789999,VND,4
Rajawede,IDR,4
ridan96,IDR,4
Okura87,IDR,4
Tamhorse,VND,4
diky69,IDR,4
tjoxbink2207,IDR,4
BriliAnd110515,IDR,4
tinhz,VND,4
Quoctram89,VND,4
Thienducan,VND,4
maibenem8487,VND,4
Trunglun722,VND,4
Mouse2310,VND,4
Luong01071988,VND,4
tintin19,IDR,4
berok120,IDR,4
heco070308,VND,4
godseela1112,THB,4
Vietphuhoa,VND,4
Yusup27,IDR,4
Vubes09,VND,4
Tranduyhiep1512,VND,4
phamquocthai,VND,4
Nguyentuan160682,VND,4
thanhtoan1004,VND,4
kapundan,IDR,4
doanhtien77,VND,4
hongduong1970,VND,4
phuongdenw,VND,4
hedisaepul,IDR,4
pulinkamon14,THB,4
kerdtongkam,THB,4
Khatu68799,VND,4
Khanhtoan91,VND,4
Nezwa,IDR,4
Jumja,THB,4
luongbm,VND,4
levanmai,VND,4
kongloki2016,THB,4
Yusa123,IDR,4
Benhim2016,VND,4
tinhnguyen1992,VND,4
zxc99,THB,4
Songsan,THB,4
taisiudanmon1102,VND,4
ledoangiang,VND,4
DATUS12,IDR,4
Darsonkru,IDR,4
trongle1103,VND,4
rama28,IDR,4
chanze99,IDR,4
Casino206265,VND,4
cuongexciter89,VND,4
onghoangc1,VND,4
quyseven,VND,4
police6118,THB,4
poponm88,IDR,4
Huy15121990,VND,4
mamoto,IDR,4
ngoctointu,VND,4
koppikon,VND,4
mmdinhluong,VND,4
sungokong12,IDR,4
kessiebundar,IDR,4
Tretruc12,VND,3
Thao12345677,VND,3
tuannotuanno,VND,3
Cuden9999,VND,3
ngp2112,VND,3
MC989,VND,3
Bacthien222,VND,3
Piracy16033,VND,3
abiimron12,IDR,3
Tnghia2023,VND,3
Quockhin,VND,3
est22540,THB,3
Caca339,VND,3
Doingheo90,VND,3
Tmc73,IDR,3
GiaPhat568,VND,3
hung120483,VND,3
Rijalman,IDR,3
ximeo620638,VND,3
phoochakngam90,THB,3
dudghks0559,KRW,3
minhsangtran,VND,3
Sung7738,VND,3
Gembellelite,IDR,3
Surat1994,THB,3
Phathi2000,VND,3
Cobaconlai,VND,3
Realaja,IDR,3
Betram12345,VND,3
Ducnguyen7,VND,3
muhamadafandi85,IDR,3
Gunnerloli,VND,3
Mynga2015,VND,3
Paobinh1984,VND,3
Tuanmu1981,VND,3
kietpts95,VND,3
Kisahhidup,IDR,3
nqv237,VND,3
tt554145228,THB,3
joingus,VND,3
Khoaigia50,VND,3
Hau11,VND,3
Trandanghuan,VND,3
Paomass1988,VND,3
Angel012,VND,3
Susanna1122,VND,3
Soncu8888,VND,3
Kechanh80,VND,3
leeyoungpyo,VND,3
Bandung07,IDR,3
nguyendanpro23,VND,3
Anphuc1706,VND,3
Cuong194,VND,3
baokhang16072020,VND,3
Luptie88,VND,3
totothot,THB,3
MasterLew,IDR,3
Kieplenhdenh,VND,3
sauclau13,VND,3
Truonghien1982,VND,3
julakiwan,IDR,3
duyhuy251094,VND,3
worldcup26,VND,3
kimbut95,IDR,3
Khai201315,VND,3
Lethanhdung6789,VND,3
datcoi1985,VND,3
Nhanvoi1995,VND,3
tinpales1,VND,3
Taychoihp123,VND,3
trung22698,VND,3
NarasakO,THB,3
981240700,VND,3
kazu580621,USD-JP,3
active887,MYR,3
Thanhhieut,VND,3
Htm77,VND,3
Moneytrain88,VND,3
lucky1899,IDR,3
nero96,VND,3
thaingochp12,VND,3
manhnd03,VND,3
Hoangphuongnam99,VND,3
Koes22,IDR,3
azer7,IDR,3
991156686,THB,3
Suriseafood,VND,3
doaanakistri,IDR,3
Peet69,THB,3
Nut844,THB,3
Rokokkulit,IDR,3
Chautruong81,VND,3
Sang237,VND,3
DekRenggo,IDR,3
jackkirdsing,THB,3
Buisontungpccc,VND,3
Namly1990,VND,3
aceng16,IDR,3
Anugrah867,IDR,3
Ganteng135,IDR,3
Batam123456,IDR,3
hechen79,VND,3
cilot007,IDR,3
VanLuc95,VND,3
Karsiko,IDR,3
T04091990,VND,3
Totupha,VND,3
Rainy3008,THB,3
Maeda123,THB,3
Huynhtran2020,VND,3
tinawa75,VND,3
Combo87,IDR,3
leminh12451,VND,3
kacip77,IDR,3
Hoangviet66,VND,3
Anganhum123,VND,3
dangthanhtubinh,VND,3
Hien333839,VND,3
0913611654a,VND,3
topheo3979,VND,3
wanmai1104,THB,3
Luubinhthulx123,VND,3
NM2904,VND,3
Tonbtl,THB,3
tokyo145,VND,3
3phat,VND,3
theanhsms87,VND,3
LamKhinhVu,VND,3
sutrisnoimam,IDR,3
THAI090517,VND,3
ijakrong97,IDR,3
phuocluan86,VND,3
Mayvanzimg,THB,3
ton0930,THB,3
Mprozar,THB,3
Msv21021988,VND,3
rockrock2529,THB,3
onepo,VND,3
Bomago,THB,3
hoananh8479,VND,3
fairytail88,IDR,3
danggiang24,VND,3
Sonyck90,IDR,3
tamtri2,VND,3
jingga86,IDR,3
vicutac,THB,3
Rusaputih,IDR,3
tomson666,IDR,3
caoboikg,VND,3
desumo5512,THB,3
IDEA21,THB,3
vuong78m88,VND,3
mcson,VND,3
kukaga,THB,3
zero1000,IDR,3
tranvantuan88,VND,3
trancuong81,VND,3
nhatnguyen2009,VND,3
thhaz,IDR,3
denmasullivan,IDR,3
letanvu,VND,3
nberlian85,IDR,3
raffa21,IDR,3
cumitn,VND,3
fsfebry,IDR,3
thaiji13,THB,3
gezz18xx,IDR,3
riski86,IDR,3
dokhoaphuong,VND,3
pay0607,THB,3
frrakjub1309,THB,3
bullpup,IDR,3
johanalin,IDR,3
Akash8340,INR,3
gaurav123,INR,3
Wishndut88,IDR,2
Cari6688,VND,2
Masih07,MYR,2
Chungdeptrai14,VND,2
Anhkhuong111,VND,2
Pol124,THB,2
Raysajoe,IDR,2
Dinhbathai,VND,2
UnderX,VND,2
An87,VND,2
Balkos88,IDR,2
Kethemtinh6868,VND,2
988192404,VND,2
quanghung199,VND,2
Zoya6,IDR,2
Meanx96,THB,2
Lynhan79,VND,2
Vanthanhtong,VND,2
Tuoinguyen5777,VND,2
Tiuda,VND,2
sabalivescort,VND,2
Gianhut,VND,2
Kienaz3,VND,2
Aaniruth,THB,2
Seven898989,VND,2
guitar2000,VND,2
bossque20,IDR,2
Quan1820,VND,2
eking1911,IDR,2
MinhTrung2112,VND,2
Inhoki88,IDR,2
teksen69,IDR,2
buitruonghuyanh,VND,2
Phi1202,VND,2
Sersan123,IDR,2
Kagokbeunghar09,IDR,2
quazer22,THB,2
linh1922,VND,2
Suntraree,THB,2
Hikaru2681,VND,2
yogikings,IDR,2
Kac,IDR,2
Bap2021,VND,2
Thanhtampp,VND,2
jeremyfashion,VND,2
Broncel19,IDR,2
Letrongduan,VND,2
akw88888140,IDR,2
kim0099,VND,2
Aoyy1511,THB,2
Nguyenhongha92,VND,2
gatete123,VND,2
Longtoyota7879,VND,2
Kute68,VND,2
HTTHUC,VND,2
thubanguyen,VND,2
Winsave,VND,2
Thanhvu1234567,VND,2
Hung2102,VND,2
Lamtoi219,VND,2
Hajitoger87,IDR,2
Siwakun88,THB,2
My260893,VND,2
Kikhaku,IDR,2
Nguyendung1478,VND,2
huu83883,VND,2
Nganlo01,VND,2
Gilajudi00,IDR,2
quangteo321123,VND,2
Anhbao686,VND,2
Rozi7,IDR,2
Pendenk88,IDR,2
Kedungcoet,IDR,2
sueb696,IDR,2
hoangbao56789,VND,2
sitinh83,VND,2
leon1986,IDR,2
Trunghoayen,VND,2
Sdk5123,IDR,2
Longconphi,VND,2
dienlanhtranvinh,VND,2
Thanhman29029014,VND,2
Dahlanp,IDR,2
SobatkuM88,IDR,2
Puvendiran1106,MYR,2
ThaiHungPro1986,VND,2
Parinigth,VND,2
s3mut92,MYR,2
Duybang066,VND,2
phambuoi6868,VND,2
pachacuti77,IDR,2
Vanphung90,VND,2
Sakhiy10,IDR,2
9.61E+11,VND,2
djsatriyo,IDR,2
Sdoel02,IDR,2
AriefRR,IDR,2
Abshaaar,IDR,2
Liusugiono68,IDR,2
Tyhutieu78,VND,2
Hanguyenbd,VND,2
nguyenlong022022,VND,2
Cek1212,IDR,2
Jenny2022,VND,2
Muniru,IDR,2
Fadly2121,IDR,2
379086796,VND,2
Doanlamdung,VND,2
Takurst96,IDR,2
Acing90,IDR,2
Fhonky12,IDR,2
Phuoctran12b5,VND,2
Kriangsak1234,THB,2
Indra502,IDR,2
hoanganhnlnn,VND,2
Febri1705,IDR,2
Khanhduyst,VND,2
Viet198900,VND,2
Nguyenducphuc199,VND,2
Sontrangson,VND,2
Loc01011985,VND,2
utsaigon,VND,2
Huy123789,VND,2
badaimerah007,IDR,2
rocka01,IDR,2
Khoimit1988,VND,2
gladiator08,IDR,2
Pirmax35,IDR,2
White888,IDR,2
Hieuphanvan1991,VND,2
nguyentanbao77,VND,2
Joshlim999999,IDR,2
phongb6666,VND,2
friendlee121984,IDR,2
hoason1793,VND,2
Dungmap47,VND,2
Baron3376,IDR,2
Manhhungdz96,VND,2
shinz2539,THB,2
thaithai39,VND,2
IRarabatam,IDR,2
dinhmenh8,VND,2
Proudmoorevn,VND,2
Lampro0703,VND,2
Xanhlelele,VND,2
Kasonk13,IDR,2
fetrik03,IDR,2
Thanhphuoc1605,VND,2
nongaom95,THB,2
tsukilover2019,VND,2
menang200milyar,IDR,2
amjaddzu,IDR,2
kurotopii,VND,2
uta333,IDR,2
Akutampan2019,IDR,2
Rani2017,IDR,2
Trung838485,VND,2
Sonnct,VND,2
minhhieuvo1988,VND,2
0988807282quoc,VND,2
BaliMyna,IDR,2
vansu19,VND,2
Bin2012,VND,2
Tenera,IDR,2
Dautran2393,VND,2
Vajem,VND,2
phukienan1995,VND,2
ton131238,THB,2
Namvenus77,THB,2
Roxer69z,IDR,2
kongza2499,THB,2
phantakarn,THB,2
Atom2522p,THB,2
terang123,IDR,2
Fatkur030685,IDR,2
MIG887,IDR,2
Tranngocnamlxag,VND,2
suttilux2530,THB,2
Nuttyanfield,THB,2
pakmenboo,IDR,2
bozjamur,IDR,2
Brisingr,VND,2
soracha,THB,2
manhkim,VND,2
Sj115599,THB,2
binhdinhgia,VND,2
sentra88,IDR,2
bongda911,VND,2
caymitfc,VND,2
saman2536,THB,2
lylocnguyen,VND,2
Teeratchanon,THB,2
umygote,IDR,2
9aaaaa9,THB,2
cimint,IDR,2
nagaair1,IDR,2
Randra07,IDR,2
Dimstri11,IDR,2
piya2527,THB,2
cohaiq81vn,VND,2
gph15,IDR,2
candra0391,IDR,2
banjert1175,THB,2
riri00,IDR,2
nobita2508,THB,2
Teppi1412,VND,2
thedoctors,IDR,2
sponx,THB,2
axelorion,IDR,2
mmxkx04008,VND,2
eponk85,IDR,2
lazioarsenal,IDR,2
anhtu90,VND,2
gaya1,IDR,2
dungthien,VND,2
antong,IDR,2
andyryan212,IDR,2
thanhphuong90,VND,2
a3hien,VND,2
gendutz,IDR,2
tienhoat1982,VND,2
154667,VND,2
andi0402,IDR,2
josh1987,IDR,2
tiendungc81,VND,2
theanh007cool1,VND,2
tung0201,VND,2
LEMPER79,IDR,2
baswarza,THB,2
once89,IDR,2
myacount,VND,2
duongcoipsd007,VND,2
budiset,IDR,2
tho104,VND,2
jaswanth13,INR,2
Sathishsundar93,INR,2
Window1993,VND,1
Ismaild,IDR,1
Sprint5789,VND,1
century147,THB,1
Hoabanh1,VND,1
Agent50sc,IDR,1
gelgoog,USD-JP,1
Quockhanh76,VND,1
chouetu1st,USD-JP,1
Siti76,IDR,1
kaneza00,THB,1
dsmshr10,USD-JP,1
Khusna,IDR,1
Hana55,IDR,1
ngoctttt,VND,1
Yakubu2003,VND,1
weyfu888,MYR,1
Irsyxd,IDR,1
Panda0727,MYR,1
Javir,IDR,1
hoangquan1985,VND,1
Z064,THB,1
pantek004,IDR,1
rambo5676,IDR,1
gkot253900,THB,1
ciayk2542,THB,1
gau99,VND,1
j0622528251,THB,1
HARAZAKI93,IDR,1
nuneg100426,THB,1
789BunDanSupp,THB,1
toan1401,VND,1
Whisuba,IDR,1
Pecelbebek,MYR,1
anhmgocoi79,VND,1
thangklbg,VND,1
vvbbabav880,VND,1
leoblack,IDR,1
jatmiko0,IDR,1
Kung0958382590,THB,1
6101,THB,1
Florida1802,IDR,1
Mariadi8888,IDR,1
Arumi05,IDR,1
Doanty1978,VND,1
Duc11223444,VND,1
luckyday168,THB,1
Msungokong,IDR,1
Chai324080,THB,1
Rony2233,IDR,1
xethongthuon1,VND,1
Fuaaiiikk01,IDR,1
Sarjono90,IDR,1
grigorkook,IDR,1
Hyvong56789,VND,1
vinacaptcha,VND,1
Helpme888,VND,1
Cakap55,IDR,1
cantho9292,VND,1
pokyta123,VND,1
Apsewoai,VND,1
Nhatduy003,VND,1
Bojal24m88,IDR,1
Balll1993,THB,1
915701967,VND,1
trungchip82,VND,1
Naungnanmuay,THB,1
Tharathirakun,THB,1
Spartan0610,IDR,1
CaoKhoi79,VND,1
Sibatreo,VND,1
Saplimesuji,IDR,1
danhkhang2621,VND,1
Ndt123456,VND,1
nguoitaynguyen,VND,1
chyong5636,MYR,1
Benladin39,VND,1
Trungg19,VND,1
Lethanhnhan15,VND,1
Taisodoaz,VND,1
Fortuner94,IDR,1
Hao143,VND,1
8183manhtuyen,VND,1
Cattp,VND,1
Mansion3333,VND,1
hpvip123,VND,1
Riata,IDR,1
Comander,IDR,1
Duyen31CT,VND,1
Adjirohis,IDR,1
Tembong182,IDR,1
Ththuakosao88,VND,1
hihihi87,VND,1
TCH7989,VND,1
reareopmj80,IDR,1
abet1108,IDR,1
Menur07,IDR,1
Pneavadechao789,THB,1
diepmai29,VND,1
Rockenter,VND,1
Puy420979,THB,1
CR3110,IDR,1
Sonthanh7587,VND,1
822512991,VND,1
Chatree6260,THB,1
Jufripalembo11,IDR,1
Paris2526,THB,1
Sungunner19,THB,1
Afnan06,IDR,1
kEbisen,USD-JP,1
Chris11,IDR,1
Vietphu24009,VND,1
ST294,VND,1
tonyalex95,VND,1
Vutran83,VND,1
Mahadewi69,IDR,1
Tarapona05,IDR,1
PVP213,VND,1
MrPrince3,IDR,1
sambas55,IDR,1
Aland007,IDR,1
Tripham82,VND,1
Toannguyen290592,VND,1
BINH895,VND,1
SUU77,IDR,1
longlegend2022,VND,1
Danh0913715971,VND,1
Vinhgym123,VND,1
tsk199x,VND,1
BachDang12321,VND,1
Chaoman111,THB,1
Mestigacor87,IDR,1
Anhtotvn002,VND,1
Kt29h29007,VND,1
Giahung015,VND,1
chyong414,MYR,1
lequangtrung1,VND,1
Gogo6,IDR,1
Tigernoy1234,THB,1
tam1478963,VND,1
Mujid10105,IDR,1
changebin,VND,1
todi88,THB,1
rmpp34900,THB,1
Yogiabdulha,IDR,1
Huypha,VND,1
huynguyen34,VND,1
kwarepmu,IDR,1
Tranvan92,VND,1
Yudske,IDR,1
Lucy2022,VND,1
Viet186,VND,1
Truonghoaithong,VND,1
Songlachoi,VND,1
Jojo1190,IDR,1
Abiya78,IDR,1
Adisak272734,THB,1
Van1131311,VND,1
masbento2323,IDR,1
bintretk,VND,1
kakeksugiohno,IDR,1
DINASTI87,IDR,1
Alasz4Ghz,THB,1
porsmith2525,THB,1
Budi1818,IDR,1
Huy4949,VND,1
YcF88,IDR,1
MAXxX10,IDR,1
Tom02012020,VND,1
YA2N303,IDR,1
Tinshake218,VND,1
Joe696969Joe,IDR,1
yk6414,MYR,1
Fonso88,IDR,1
Nguyenhanh0102,VND,1
Nhn194,VND,1
Trantan1985,VND,1
Anhvu13890,VND,1
Phongphu368,VND,1
Luong8992,VND,1
kids8383,MYR,1
Aiatawa1,IDR,1
KT2503,IDR,1
Nemo01,VND,1
Huynhlam85,VND,1
Koolgirlvip,VND,1
hee5za,THB,1
haruhero3,VND,1
tions2011,VND,1
Bilac86,VND,1
Sabile,IDR,1
Linhbay1989,VND,1
Atmopawiro,IDR,1
tirodoi888,IDR,1
Dovanphap10210,VND,1
Adram,IDR,1
Raja877,IDR,1
Nand82,IDR,1
duongvanduy91,VND,1
Kakalovtodorov,IDR,1
vohoanggiabao,VND,1
thangcdak52,VND,1
Gaac1234,VND,1
Cuchay1999,VND,1
Olin777,IDR,1
Winbang,VND,1
Saokhongvaoduoc,VND,1
Henzmuk1,IDR,1
Duykhuong1991,VND,1
mungkalo,THB,1
Khoivi01,VND,1
Kim4024,THB,1
auliyagladag,IDR,1
Fansfc,IDR,1
Thianui88,IDR,1
RonnyTR,IDR,1
chunocao,VND,1
minhtu909195,VND,1
vietvanmieu,VND,1
Cisoka16,IDR,1
thanhtaitg,VND,1
BigRoyal77,IDR,1
lalak1102,VND,1
phamngocdung92,VND,1
trungdung99999,VND,1
902188109,VND,1
Josephtrinh,VND,1
bongki1,VND,1
m1881,THB,1
Voxuanhung,VND,1
Kalahenceng,IDR,1
tungphat68,VND,1
Vantrung92,VND,1
Alexandria12,IDR,1
affanaffan,IDR,1
Goorock835,THB,1
boriel12345,IDR,1
Sonhoang82,VND,1
Tannoben,VND,1
thucuoi,VND,1
tonzaa55,THB,1
peakzean,THB,1
yedutun,IDR,1
Modx78,THB,1
MOUNTTHE,IDR,1
Pum99,THB,1
vukhang1986,VND,1
zjmbbij184,THB,1
todek84,IDR,1
chuyentlpy,VND,1
focus16,IDR,1
tuanminh27690,VND,1
nhatminh79,VND,1
rumrinaldi,IDR,1
lavalon,THB,1
chefpan,THB,1
bigbang0101,VND,1
teplazy,VND,1
choy222,IDR,1
robycandra,IDR,1
LENIN234,IDR,1
Nguyentiendung91,VND,1
rayjoice777,IDR,1
Coutinho30,THB,1
bacul2015,IDR,1
eddy1489,THB,1
huong2199,VND,1
giangkencook,VND,1
leman72,IDR,1
branung63,IDR,1
bozzbandit,IDR,1
biw9718,THB,1
delaya,IDR,1
thegunner12,THB,1
chinhbtk,VND,1
mhoo8787,THB,1
5Royal5,VND,1
tuntuyur,IDR,1
pipofbbet,THB,1
hiepno,VND,1
hasoden1978,VND,1
bekz07,IDR,1
QIUJES4R,IDR,1
tochien,VND,1
Husain1990,IDR,1
luckygoh007,IDR,1
dede159,VND,1
orchids,VND,1
Anggur23,IDR,1
jaiboonma,THB,1
safiradwi,IDR,1
thestrong,IDR,1
anhtainguyen1984,VND,1
taydang2013,VND,1
nguyentrung6792,VND,1
luancl2012,VND,1
bedreiging,IDR,1
katetv,VND,1
rizkaadhe,IDR,1
lifegood2009,VND,1
wonbinhd,VND,1
borxz,IDR,1
DANUSAKTI,IDR,1
hetgahetso,VND,1
broth,IDR,1
ichat,IDR,1
irwan1111,IDR,1
nguyenquang1986,VND,1
trandu87,VND,1
vavay17,IDR,1
tamngochoaanh,VND,1
candidate,THB,1
realsaki,THB,1
recobanuz,IDR,1
geotopo,IDR,1
GunungDuit,IDR,1
tanabi,IDR,1
3g3g3g,IDR,1
punisher555,INR,1
giangle87,VND,0
Thery27,IDR,0
Cephu85,IDR,0
Abahdugul07,IDR,0
orawan2529,THB,0
Ronin71,IDR,0
tawankaram01,THB,0
poramat199,THB,0
B88b,IDR,0
Beernorahat1234,THB,0
Faeyzafahry,IDR,0
Anas2794,IDR,0
Jetty23,IDR,0
Warinza2024,THB,0
Somsom1122,THB,0
ad1qu,IDR,0
Ice2234,THB,0
Poetrasadewa,IDR,0
Deddymbenx,IDR,0
Tar0001cr,THB,0
Tumaroyde,THB,0
Cubet2002,VND,0
Fuyfuy,IDR,0
Mahdiooi,MYR,0
voiubank,VND,0
Bp8389,VND,0
Cintavagas,IDR,0
Rizkyputra123,IDR,0
Amput,IDR,0
diccy9999,THB,0
M0625862253,THB,0
pl180835,THB,0
Chiencoi291989,VND,0
Cuchimse01,VND,0
Buiducphu123,VND,0
ollozz789,THB,0
Betnhehp68,VND,0
0638144740PTK,THB,0
Kimnguyen321,VND,0
Tidursini,IDR,0
suvimon999,THB,0
Nakarinpor29,THB,0
Ningnong8687,THB,0
Wasan2001,THB,0
kaideen189,THB,0
FitriMm,IDR,0
SanKhwn2540,THB,0
toivatoi567,VND,0
Well888a,THB,0
My199320,MYR,0
Mi123321,VND,0
Jampt2531,THB,0
usabai,THB,0
tonggia81,VND,0
Manggal9,IDR,0
Nguyenngoc1993,VND,0
Aduy12,IDR,0
Karmal001,IDR,0
Duswogo69,IDR,0
Ibas11091999,THB,0
Omg3012,VND,0
Hoanganh99999999,VND,0
611155190,THB,0
jagoah,IDR,0
Stones45,MYR,0
Giahung9990,VND,0
tungkyn87,VND,0
Ooy0808833899,THB,0
mrtinh1987,VND,0
Longnguyen1168,VND,0
Chidep666,VND,0
sang111987,VND,0
Kang159,THB,0
Poramet403,THB,0
Gaet2535,THB,0
DavidJandai1231,THB,0
810807674,THB,0
Anhnhi6868,VND,0
vhp120496,VND,0
gembulmeki012,IDR,0
Huhuhaha9999,VND,0
0807483954Bk,THB,0
nes253511,THB,0
vulai1010,VND,0
Zio416,IDR,0
Typk66,VND,0
Rotjeaw69,THB,0
Tanphat998,VND,0
Syfa26stss,IDR,0
Abun,IDR,0
Alfi12386,IDR,0
huuthuong12,VND,0
Plalemo1980,THB,0
Rouf77,IDR,0
sesepuh88,IDR,0
doivedem,VND,0
hoangduc23,VND,0
Roomyai13,THB,0
rozanswest,IDR,0
Aofaab96,THB,0
kim588,IDR,0
Krisana32,THB,0
Dinhvanduy995,VND,0
Gibran5,IDR,0
Hnlong88,VND,0
Myaoy0411,THB,0
Kimmeparty,THB,0
ahsawin2532A,THB,0
molajalah,IDR,0
maluma,IDR,0
Pentilkirik,IDR,0
Joyboy21,THB,0
ILoveadminza,THB,0
jegoll,MYR,0
Pkam2991,VND,0
Trung98f,VND,0
Thien2206,VND,0
Ab020433,THB,0
Manekineko46,IDR,0
Uwaisjaya,IDR,0
Balicuan,IDR,0
Phonphipao,THB,0
aofsamart1985,THB,0
Ntimoh,THB,0
Qupirp40,THB,0
Nareerat3034,THB,0
New1122334455,THB,0
truond,VND,0
Hieudo2606,VND,0
Chai6018,THB,0
Juandar88,IDR,0
Ja148,THB,0
Oxxy,IDR,0
tatsuya1,THB,0
Bangtam1981,VND,0
0650657078Mee,THB,0
11new11,THB,0
Timza085,THB,0
Reno2596,IDR,0
a0800179838,THB,0
Andimarlela,IDR,0
zed7779,VND,0
Sompon1281,THB,0
Garudaonair,IDR,0
Aofwy250,THB,0
Kengyamsiri,THB,0
phongle1123,VND,0
Som2445,THB,0
M88isNumberONE,IDR,0
Wanchana99,THB,0
cragih94,IDR,0
xbond2013,VND,0
Boiiz6213,THB,0
VINH55,THB,0
Yenyen1995,VND,0
salakmanis04,IDR,0
Ruslee222,THB,0
OngThanTai1985,VND,0
Djnh789,VND,0
Rukky123,THB,0
BBB0810191430,THB,0
hotuhaiphong,VND,0
Porza2544,THB,0
BomBer3208,THB,0
L30,IDR,0
Daohau96,VND,0
Apidet1989,THB,0
bephong1999,VND,0
Aum4695,THB,0
Chadea29,THB,0
yingying3366,THB,0
zxc093367,THB,0
stadomza2541,THB,0
Kafiws3104,THB,0
binam1234,VND,0
truongkiet1,VND,0
660055266,THB,0
phol2515,THB,0
19022001,VND,0
Chieuanhduong,VND,0
Hum2539,THB,0
Nghichvip,VND,0
Nooenjoy24,THB,0
M880814903240,THB,0
pukdee,THB,0
noomook05,THB,0
ditaaqila32,IDR,0
Mmk124,THB,0
929063671,THB,0
838908105,THB,0
vantinh199020,VND,0
Yaya044520508,THB,0
Puyfai25,THB,0
qazxsw554,THB,0
Jaxz26,IDR,0
Sunee253205,THB,0
835584459,THB,0
ThinaJonk,THB,0
Slowaja888,IDR,0
N0937911043,THB,0
EXOO,IDR,0
Mee2023,THB,0
Kaizaa8981,THB,0
AlliedHealt,THB,0
Leon19,IDR,0
806569699,THB,0
Gun199,THB,0
zuzz17,THB,0
flukz1,THB,0
Gusril14,IDR,0
Bayu116,IDR,0
957495609,THB,0
Tep1512,VND,0
namteo0991,VND,0
Maxgiver,THB,0
Ln0610378364,THB,0
Kong252423,THB,0
Ka241227,THB,0
ufa800sga29374,THB,0
pinz1911,THB,0
Nanny1233,THB,0
trabebi,VND,0
Nala0001,VND,0
TAYZA2544,THB,0
Mild232540,THB,0
Bline,THB,0
N0803871398,THB,0
iceza2533,THB,0
Palmall0123,VND,0
Ebolasatan12,THB,0
Fa2425,THB,0
tanachai12938,THB,0
Pymax98,VND,0
duy9292,VND,0
Aska25,IDR,0
Cobebe002,VND,0
Pp13610,THB,0
940958107,THB,0
boonchai0,THB,0
xxronsxx,IDR,0
jiejaa90,THB,0
stupidslot88,IDR,0
Cat110835,THB,0
N000178915,THB,0
ag0951389503,THB,0
Aa0933403887,THB,0
0952565762a,THB,0
Iwox,IDR,0
Thidarat001985,THB,0
Mrren6789,VND,0
Nontbansang999,THB,0
Voom999,THB,0
Bigwin5,THB,0
Kimxuyen1987,VND,0
Milkky31699,THB,0
npkbwrr1,THB,0
Antuii88,IDR,0
Buivung84,VND,0
Beamlove,THB,0
beroklolo,IDR,0
aee25,THB,0
Fordza1122,THB,0
wullwul,IDR,0
ausa,THB,0
Nitt2530,THB,0
sayhi1234,THB,0
f252923,THB,0
Qq253909,THB,0
Binclubone1999,VND,0
Phuoc101195,VND,0
Jobprofile1,THB,0
Tientrit,VND,0
Mild03,THB,0
Tum25278,THB,0
Lekz150940,THB,0
hujancuan,IDR,0
Keem18122540,THB,0
tampro23,VND,0
Indydy69,THB,0
2hadow8,THB,0
Ttt888ws,THB,0
menal1,THB,0
zeo17,IDR,0
Mickkaew12,THB,0
thekiet89,VND,0
Aabc0907,THB,0
Pime0647415671,THB,0
Naree16noi,THB,0
Noomay28,THB,0
thammathot,THB,0
Toony83,THB,0
Linda0909,THB,0
Nantana999,THB,0
Tranconghuy0705,VND,0
beebie1,THB,0
Torham14,THB,0
Lindathankyou88,IDR,0
V8xbet,VND,0
miensong1986,VND,0
Aunyarin1113,THB,0
Anhcutu1990,VND,0
Alongkon47,THB,0
JIODjiod,THB,0
bird101999,THB,0
Sial29,IDR,0
Nongaiw,THB,0
W932535,THB,0
Maq2544,THB,0
ngobapho,VND,0
Hoacuaquy83,VND,0
Bomqwrr2236a,THB,0
Rejekiokesaja,IDR,0
Japancc3979,VND,0
Khingin123,VND,0
trunggiakiem,VND,0
jilayu,THB,0
Ghotii163040,THB,0
hunghang64,VND,0
Rayzelll,IDR,0
Ghen39,THB,0
Kychau12,VND,0
Trannie22,VND,0
WarZone01,IDR,0
Student1981,THB,0
Bungzozo,VND,0
nhattruong027,VND,0
smart18,THB,0
Toiyeuvietnam18,VND,0
staraitip2,IDR,0
Hienmen,VND,0
Ctvedem1010,VND,0
xinitloc6868,VND,0
Quangcam12,VND,0
Trankhang6789,VND,0
tiennguyen79,VND,0
Hoanganh24490,VND,0
bing1985a,THB,0
Kunawut88,THB,0
nongnimka22,THB,0
Nur19973,IDR,0
Nhl1234nhl,THB,0
Bao719,VND,0
khanhco468,VND,0
Quankybo333,VND,0
hongkong83868,VND,0
Pom4774,VND,0
longbuiq,VND,0
Devin120222,IDR,0
Apichet88,THB,0
KHEMIN887,THB,0
tavantam86,VND,0
bogals14,VND,0
Tta2412,VND,0
Wrc,THB,0
Nong553199,THB,0
DESHARDI,IDR,0
bb0961606990,THB,0
Adnanhokki70,IDR,0
Quanvt1992,VND,0
Amon091131,THB,0
Aomam1101,THB,0
az99az99,VND,0
Pk182521,THB,0
PHUCOOL1995,VND,0
Adi1493,IDR,0
Mauhau9999,VND,0
MinhChien08,VND,0
rahmanw86,IDR,0
Mm0654165004,THB,0
Phuoccauke123,VND,0
Bb090841,THB,0
Guxi1995,VND,0
Tranchuong007,VND,0
ok1,THB,0
Hoahuongduong88,VND,0
viettran001,VND,0
tanori1030,USD-JP,0
Naphat2507,THB,0
my2191,VND,0
James13501,THB,0
Abbas4644,THB,0
chudat66,VND,0
Premio,IDR,0
hary211,IDR,0
muontontaikhong,VND,0
liboti,THB,0
Nvuhai993,VND,0
Bazon,IDR,0
Phat736,VND,0
Kieuthien,VND,0
wakb,IDR,0
tranvanthanh2007,VND,0
Bbwy2499,THB,0
Nguyenhuyducthie,VND,0
Mianh88,VND,0
damiha719,VND,0
Renoma88,IDR,0
Annnoii6666,THB,0
Mey21,IDR,0
Akmil22,IDR,0
HuynhAn0508,VND,0
hungthinh8307,VND,0
Tuanzzzhl,VND,0
Jouvita091,IDR,0
Phihi321,VND,0
MardiosEfendi,IDR,0
88jefri,IDR,0
Sennomalopati,IDR,0
phanthanhthai21,VND,0
So789,THB,0
xycnputra,IDR,0
Asemgila,IDR,0
Agungisaputra,IDR,0
Ngochieuvan,VND,0
Tranthuyloan12,VND,0
Coidz2003,VND,0
Spravit,THB,0
muchinz,MYR,0
taymonkhanh236,VND,0
Littlebondi,IDR,0
hanhzay12,VND,0
Sonkeo2000,VND,0
Galaxy90,VND,0
Eigib09,IDR,0
Konoha121,IDR,0
Kadal889,IDR,0
saitong1991,THB,0
B4001x,IDR,0
xhamst3r,IDR,0
4lfiM88,IDR,0
Jodikasmoro11,IDR,0
Borok1100,IDR,0
Mae3333,THB,0
luhodangkhoa,VND,0
mittsu2006,VND,0
Semogamaxwin69,IDR,0
Mamangss,IDR,0
ThienLong324,VND,0
dotty2hooty,IDR,0
Estansa07,IDR,0
Tam12112018,VND,0
cankbuj,VND,0
Mospongston,THB,0
Hiihii123,VND,0
Quang280625,VND,0
Rembol777777,IDR,0
newfufong59,THB,0
slayer2023,MYR,0
quocanhsl,VND,0
datone14789,VND,0
A3n1u2n,THB,0
PapaKhay,IDR,0
Kimlyn8579,VND,0
Hoangem7779,VND,0
hakeem241993,THB,0
Baham01,IDR,0
Alexiss123,IDR,0
Udinp12,IDR,0
Yod1120,THB,0
m12342023,THB,0
Kakha07,IDR,0
Xuanthuy0511,VND,0
Tieumy2020,VND,0
Khadi2019,VND,0
skymen96,VND,0
trantienphong,VND,0
Dangthanhngan,VND,0
Muonvaobo2k,VND,0
Uochptt1,VND,0
abc2023,VND,0
Hieu4683,VND,0
Aldihzn077,IDR,0
Sardi18,IDR,0
ghanbotilae,IDR,0
Chika121,IDR,0
rizalhakim888,IDR,0
782056311,VND,0
MALOC88,VND,0
Maxdaros,IDR,0
rungroj289,THB,0
Jj8888890,THB,0
Marak123,IDR,0
malaida27,IDR,0
Codeng2004,IDR,0
mexsai,THB,0
Aa254219aom,THB,0
Jibril999,IDR,0
chienbro99,VND,0
Leexhihi,VND,0
suttaweekorn1324,THB,0
loeloe1989,VND,0
Vinara22,IDR,0
Saeton777,THB,0
Apaboleh,IDR,0
gunsa5,IDR,0
vulank4,IDR,0
Safaat808,IDR,0
Hasr,IDR,0
morel278,IDR,0
Nhhuy034,VND,0
Tinhhuy17,VND,0
Kosos,THB,0
chepoke8,IDR,0
hanhtho2001,VND,0
Bar99,IDR,0
Lappawat,THB,0
ever123,THB,0
xuanluong11,VND,0
hunghghg,VND,0
250535,THB,0
Letanhuu12356,VND,0
getapan2003,IDR,0
paijokasep,IDR,0
864285882,THB,0
jjackno123,VND,0
Xuantai252,VND,0
Anhtu1997,VND,0
Agustinus1234,IDR,0
Tuan21581,VND,0
Hokyjackpot100x,IDR,0
Hanh901004,VND,0
Huysang070190,VND,0
kapkst,THB,0
sugiati5758,IDR,0
Mukkomsan18,THB,0
Hlwn96,IDR,0
Huynhminhhung23,VND,0
Conbe3,VND,0
Tehbitol,IDR,0
Lesonbee3,VND,0
Mico5758,IDR,0
Jp2929,IDR,0
NHATTOAN1234,VND,0
Congha206,VND,0
goldwings08,IDR,0
MamatFbs88,IDR,0
SAKURASENTOSA,IDR,0
Jaseno99,IDR,0
Giang1710,VND,0
Anhdonglinh,VND,0
Fadli9292,IDR,0
Phi7710,VND,0
Buihuynhbinh53,VND,0
Starblack2014,IDR,0
Hpvip345,VND,0
yoshi5001,USD-JP,0
nguyenloc1021,VND,0
anugrahP123,IDR,0
Hvmt123,VND,0
H0834181824,VND,0
Zadiz123,IDR,0
nopskuy88,IDR,0
Louistrungus,VND,0
lampard899,VND,0
TUNGHP123,VND,0
IPL55,IDR,0
Addbot3333,VND,0
Trungkien1701,VND,0
minhtuan8788,VND,0
Bao0909565796,VND,0
bangdon88,IDR,0
a0325432123,VND,0
luonantien,VND,0
Den789,VND,0
wathunyu168,THB,0
Dxx,THB,0
Minhteoem47,VND,0
iicesodaz,THB,0
leon1818,MYR,0
Abc7711,VND,0
Minshittar,IDR,0
hotmianpurba,IDR,0
P4rl4y,IDR,0
Vandan2901,VND,0
PAIIAYOHAN,THB,0
Haidang18032013,VND,0
sangzi55,THB,0
Tepporn287550,THB,0
Thuctamhai,VND,0
Xy404,IDR,0
Geraldi31,IDR,0
Cobr499,IDR,0
Araa027,IDR,0
Hoangchin666,VND,0
Louistrungushp,VND,0
Trankhoa7,VND,0
845011895,THB,0
Phambuiuyennhi,VND,0
935794901,VND,0
Oie2130,IDR,0
otwrman,IDR,0
AllVA77777,IDR,0
bondeng19,IDR,0
TranPhong1980,VND,0
bakatepek,IDR,0
Mayxinhdeppp,VND,0
tenko,VND,0
Ari1104,IDR,0
huongme99,VND,0
Piyanad1989,THB,0
Cheekyplayer,MYR,0
doanthap1970,VND,0
Paisit,THB,0
teman0123456789,IDR,0
Estdam,THB,0
champ0024,THB,0
dekgan12345678,IDR,0
970192305,THB,0
numosnk,THB,0
LuthfiLufthansa,IDR,0
Nguyencao95,VND,0
Tattaydi,VND,0
Aku006,IDR,0
11anto,IDR,0
Hangnam3009,VND,0
Hpvip234,VND,0
Tattaynao,VND,0
Victo888,VND,0
Beerbee1234,THB,0
Knacub2518,THB,0
Ngothuynhi168,VND,0
hpno1,VND,0
Sugun17,THB,0
Nhoenhieu1996,VND,0
strongs88,THB,0
Torexz87,IDR,0
zakiuiu,VND,0
Sgdct,THB,0
USER188,IDR,0
Dawam24,IDR,0
nht123123,VND,0
temser666,IDR,0
Barokahminull27,IDR,0
Tang8085677,THB,0
wanlerm1,THB,0
duypham1991,VND,0
Vano66,IDR,0
Nitas,THB,0
Vandan2701,VND,0
Hoangsi1998,VND,0
SROP,IDR,0
Overlove1145,THB,0
MESMEW81,IDR,0
Astuti888,IDR,0
Sang9,VND,0
trieutam84,VND,0
Lytuvi123,VND,0
jimex99,IDR,0
Baygon86,IDR,0
K3NG,VND,0
Julenk,IDR,0
Cekototw,IDR,0
Ediwarkop123,IDR,0
beelzebub909,IDR,0
Dafasenggel,IDR,0
Lipovka,IDR,0
ppgg88,VND,0
Tahubellek86,IDR,0
Santi2566,THB,0
Tu34,VND,0
Belegeduk05,IDR,0
djd1990,IDR,0
Porn0837521301,THB,0
evtmultiplier,IDR,0
Nightkondeaw,THB,0
Sahacing453,IDR,0
Sarod888,THB,0
Game78999,VND,0
Lao000,VND,0
Titi7398,VND,0
Puspa13,IDR,0
Lieng6788,VND,0
tamcarbon,VND,0
Haha012,VND,0
hanahdiep258,VND,0
Evgl168,THB,0
Thuca84,VND,0
khanhcodon83,VND,0
Lqsjdjdjxbc,THB,0
B4ngt4ng,IDR,0
6789thuan,VND,0
Riophung,VND,0
Teppi26,VND,0
RizTang09,IDR,0
bank0886181215,THB,0
thanhtuyen89,VND,0
Siuuu77,IDR,0
Lieng678,VND,0
DedyW85,IDR,0
teucomoii,VND,0
tuanct001,VND,0
bbojl43383,THB,0
Inces13,IDR,0
Mando26,IDR,0
tuan880606,VND,0
Phamvtthuat,VND,0
TonsenKul,IDR,0
Toti123,IDR,0
vuonganhdiem,VND,0
Rogosemangsa,IDR,0
minhluan1611,VND,0
786389777,VND,0
Bni33,IDR,0
Boatwin420,THB,0
Phuongnguyen7,VND,0
Yutoro892,IDR,0
gokong68,IDR,0
Minhnhut96,VND,0
Zuizui002,VND,0
Sampoerna16Amild,IDR,0
Lamtac2001,VND,0
Kang2407,THB,0
Biziro1,VND,0
H4rristha,IDR,0
Devadam88,IDR,0
pattana13092532,THB,0
Af1f4h,IDR,0
Zulkifli69,IDR,0
Iancesar13,IDR,0
Hampirsaja20,IDR,0
mamaloveza0089,THB,0
sitayam,IDR,0
Yohanes1981,IDR,0
Jaun05,IDR,0
Coboy808,IDR,0
Supakorn2537,THB,0
WisanuKiw55,THB,0
Victor420,IDR,0
Dunglun862,VND,0
Sonphuongvtc7,VND,0
Delmar,IDR,0
totoypanas,MYR,0
Deddyas,IDR,0
Nugrob182527,THB,0
Brian0980595925,THB,0
cauhai94a,VND,0
Kamandaka10,IDR,0
Ghani11,IDR,0
Ab12345679,VND,0
Nguyenvanha447,VND,0
Suem1988,VND,0
lovera7979,VND,0
rpsign,IDR,0
apisitsiriken,THB,0
ferosalon,IDR,0
Min1111111,THB,0
Nikon99,IDR,0
Keatsakbak,IDR,0
hovananh06,VND,0
Long1135,VND,0
Ibud89,IDR,0
Conba9,VND,0
Abalachap1303,VND,0
Riooooo,IDR,0
Aryaaira09,IDR,0
nghienluon91,VND,0
Bandits123,IDR,0
Chicong1234567,VND,0
Psarmmui,THB,0
ngtris179,VND,0
Akuyudis,IDR,0
huynhchulinh97,VND,0
Angos88,IDR,0
Singbarokah,IDR,0
oya888,THB,0
Tronghuy123,VND,0
Banksadd,IDR,0
Toey0311,THB,0
Vunam456768,VND,0
SADEWA69,IDR,0
New092501,THB,0
atta2601,IDR,0
dongtoku,VND,0
Chitay1988,VND,0
Luem1802,VND,0
Hoaiha1,VND,0
thuong0407,VND,0
Adeyuhu123,IDR,0
Hiephua1984aA,VND,0
m88maxhot,IDR,0
Dongs15,IDR,0
TANWW,MYR,0
Jembat123,IDR,0
Thobale75,VND,0
Nguyenvanthoai27,VND,0
Papihjahat1,IDR,0
Tomdes88,IDR,0
Lucbo668,VND,0
Qwertasdfg777,VND,0
Balung888,IDR,0
Lalisa23,IDR,0
Nganphuong1,VND,0
S0994176368,THB,0
humblegod445,IDR,0
Zink3333,IDR,0
Ratusiluman,IDR,0
Bolduser,IDR,0
sakdarse,THB,0
sunthon061985,THB,0
Pongpp112233,THB,0
Korea1607,KRW,0
Reptil29,IDR,0
Ncaocuong83,VND,0
Luchaophat,VND,0
Tuannguyenxxx1,VND,0
Tungpx2,VND,0
Nhut28,VND,0
vn2377567,VND,0
Rudin1992,IDR,0
miao0712,VND,0
Ssuuddiirr,IDR,0
Dinhhieu8l,VND,0
Pan0289,IDR,0
Hoki888M,IDR,0
nhut7497,VND,0
Nattawoot281994,THB,0
Supoj140426,THB,0
Gioile02,VND,0
Supperlau,VND,0
tule2305,VND,0
Ngthson25,VND,0
shivasfy,IDR,0
FadliXX,IDR,0
Parker08,THB,0
Ball41160,THB,0
minhlong69,VND,0
84347393333,VND,0
Nguyengiang34,VND,0
nhan120420,VND,0
Jimmymai6789,VND,0
G2222,THB,0
totaza,THB,0
Yudan2110,IDR,0
Bendot0012,IDR,0
alcotra,IDR,0
namem1995,VND,0
Bull4nt,IDR,0
buitruongsi,VND,0
Tauvabien56879,VND,0
Anshar20,IDR,0
Tara2523,THB,0
susur1234,IDR,0
naiman85,MYR,0
Max556677,THB,0
buithanh791994,VND,0
Abiesouitez,IDR,0
Trieuanh88,VND,0
Gondrong95,IDR,0
Diem146286,VND,0
Wani887,IDR,0
Heru033d,IDR,0
aetrau1,VND,0
jpnaidu82,MYR,0
LedoLedo877,IDR,0
Alvin05,IDR,0
Ternakdana,IDR,0
Gedrug,IDR,0
suxibo22351,VND,0
Monghuong9999,VND,0
vuongkon1102,VND,0
aiz4rd,THB,0
Xuanthuan789,VND,0
Fegara88,IDR,0
Ngoquyen94,VND,0
Vie11,IDR,0
dangquygtvt,VND,0
Ellezg88,THB,0
Awppk,THB,0
Peucanx666,IDR,0
Doannhuy,VND,0
khurkhur,IDR,0
ryra666,THB,0
SONNAMTEX,VND,0
919854778,VND,0
konami1990,IDR,0
Linhcuong92,VND,0
Duc19011986,VND,0
Human8400,VND,0
Jinnumber1,THB,0
tete2455,THB,0
Ridhoi666,IDR,0
zx2005g,THB,0
Nirwan44,IDR,0
Tuanbeovcc,VND,0
Thanhcot1991,VND,0
doanquangthuong,VND,0
Pduyen1806,VND,0
killerbeer,IDR,0
din00,IDR,0
Salman19,IDR,0
Pundu2303,IDR,0
PENGENkaya00,IDR,0
Congdurex,VND,0
bodykwang1829,THB,0
Krissada19899,THB,0
northjm2538,THB,0
Duongthai789,VND,0
Tuyett,VND,0
Nattawut9789,THB,0
tuananh95777,VND,0
901759092,VND,0
KonconeZeus,IDR,0
arm384505,THB,0
ikenze,IDR,0
Beltin150197,IDR,0
Phongsak5903,THB,0
joko871,IDR,0
a0934677258,VND,0
HVTin0208,VND,0
anhbinday111,VND,0
Kee252538,THB,0
Febri354,IDR,0
benlew,MYR,0
tongda888,THB,0
a928444z,THB,0
Nguyenthanhluu99,VND,0
865233447,VND,0
sakonlawat0807,THB,0
Yella666,IDR,0
Natt090030,THB,0
Menstion88,IDR,0
Numam1076,THB,0
saepudinnn,IDR,0
Herman172,IDR,0
bs6431,THB,0
Choivuichutthoi1,VND,0
Hanazawa88,IDR,0
Vuive2011,VND,0
pool22,THB,0
822126518,THB,0
mrcaron79,VND,0
KUKUTHALU1,VND,0
Truongvanly1,VND,0
Cakar15,IDR,0
Ririt2791,IDR,0
Thach9696,VND,0
Bird2212,THB,0
sookkole888,THB,0
Ags45,IDR,0
trinugoho,IDR,0
Ninggi2,IDR,0
Vano1,IDR,0
abigarda,IDR,0
riskilnd08,IDR,0
Putnat93,IDR,0
Safri78,IDR,0
Ecih888,IDR,0
thuanhoa1992,VND,0
Lontong118,IDR,0
Waiyong,MYR,0
kurwinoto,IDR,0
trantuhai,VND,0
princecupid1,VND,0
Tonitri2022,VND,0
Daffin8788,IDR,0
Wanchaicb11,THB,0
Props1,IDR,0
BetekM88,IDR,0
agunkprabowo90,IDR,0
Ridhoi888,IDR,0
5LanNuaThoi,VND,0
Tapza31,THB,0
iqbalkemru,IDR,0
dinhvanduan960,VND,0
Mrtiger160386,VND,0
Yaya2534,THB,0
Pinkcaca,VND,0
chucok1,VND,0
kongtay3541,IDR,0
danhtu2005,VND,0
benz44567,THB,0
Arifplp,IDR,0
Pookgie,THB,0
orara25000,THB,0
song291987,THB,0
88phong,VND,0
Fadil0202,IDR,0
Phongluu171188,VND,0
buithihaiyen1,VND,0
Jasjusiqbal,IDR,0
Chibe5,VND,0
tinaa123,IDR,0
richkid9999,VND,0
Yudigo61,IDR,0
dallematujuh,IDR,0
gukung1981,THB,0
Trung7889,VND,0
Bmmb1253,THB,0
mrdonny420,THB,0
Chaisawat,THB,0
Masher01,IDR,0
Denisuria11,IDR,0
bencepuying,IDR,0
Saidiqbale,IDR,0
Autohocky88,IDR,0
pmc7720328,THB,0
vubull,VND,0
Cayrunglon88,VND,0
Home1640,THB,0
Thiendang0811,VND,0
Goeh8888,IDR,0
KCO3NG,IDR,0
gusdu45,IDR,0
Iqbalgaribaldi,IDR,0
Dira2,IDR,0
bolaku16,IDR,0
Baron2188,IDR,0
irenetan86,MYR,0
Markpudsazx123,THB,0
Vitleysingur,IDR,0
Xuanhoang179,VND,0
Thinhsmile99990,VND,0
1234xuan,IDR,0
Erulcosta,IDR,0
Bundil987,IDR,0
5upernisa77,IDR,0
Doni089,IDR,0
Ashita13,THB,0
Jab8969,THB,0
Mavanchau,VND,0
terasak1987,THB,0
Ppppp0,VND,0
vietanh51,VND,0
Datcoi95,VND,0
Acoustics1992,THB,0
WinNew888,THB,0
Caann,IDR,0
duccuti94,VND,0
Tuandinhvan,VND,0
feitan7,IDR,0
Anhthy0810,VND,0
Jpterusman,IDR,0
thienlong09,VND,0
Blackrupuk,IDR,0
MAITHIHONGEM1994,VND,0
Mocllas,IDR,0
Wahrama,IDR,0
richardo0304,IDR,0
Omjinaladin,IDR,0
ronald8hs,IDR,0
usik87,IDR,0
MeiMuay520,MYR,0
Beutit1308,VND,0
Duongtroc84,VND,0
isanisan,IDR,0
Arabmaklum,IDR,0
Baduc2,VND,0
Blamback35,IDR,0
838694317,THB,0
ritzha91,IDR,0
789akmal,IDR,0
Chonchon3738,THB,0
Apabah17,IDR,0
3huruf,IDR,0
santichai2523,THB,0
Akklawat2537,THB,0
Kkkk20sep,VND,0
ha090997,VND,0
628820988,THB,0
Zafran2727,IDR,0
andinguyen888,VND,0
Minul9907,IDR,0
Cph29,IDR,0
Thitinai777,THB,0
kijam666,MYR,0
pokermagic,VND,0
Volieuanhnu,VND,0
Lord5,IDR,0
Tuannha98,VND,0
Minhafk,VND,0
Lenam579,VND,0
Kacung2021,IDR,0
Mariotob4n,IDR,0
Sukakambuhx,IDR,0
Gurusuk,IDR,0
Rudy0988,IDR,0
awak01,IDR,0
utlay21,VND,0
Miquangnam6606,VND,0
Manhtruong79,VND,0
agungkimboyxlim,IDR,0
dery23,IDR,0
Mylove742,VND,0
Toandinh76,VND,0
Nemo2021,VND,0
TuanHuynh88,VND,0
qpa110,VND,0
Thang98pcbn,VND,0
941833933,VND,0
thanhhai160487,VND,0
Buianhtu91hy,VND,0
Notzaza1110,THB,0
Haibeo2000,VND,0
Messileo202,VND,0
Nhut20101996,VND,0
Namsoi95,VND,0
hoainamgk,VND,0
oxyeze1223,THB,0
avocado95,VND,0
nv0901,VND,0
Ninhvantin1990,VND,0
queenclong,IDR,0
loc1213,VND,0
MBSCASINO,IDR,0
Katak131313,IDR,0
Bucekstones007,IDR,0
hengkie949,THB,0
Meomeovip87,VND,0
Keem242536,THB,0
amelcantik,IDR,0
Radja24,IDR,0
thongcan1999,VND,0
Haihai789,VND,0
Vmc1983,VND,0
Asep2121,IDR,0
Junaidi12345678,IDR,0
Ak0MBLK,IDR,0
Sixonenie123,THB,0
vitoyo,MYR,0
Suhamdi,IDR,0
Hongphuc113,VND,0
Sammarat101,THB,0
Tunhoai,VND,0
Huudung81,VND,0
Quyetbac1992,VND,0
TRIHIE,IDR,0
Dental1888,VND,0
Phuc4bn,VND,0
Socbemrickkid,VND,0
Heorung1983,VND,0
Narawut29,THB,0
Ponybui1981,VND,0
Sunggus,IDR,0
tibarrena31,IDR,0
PJL01,IDR,0
phatbengvt,VND,0
Wasitojati,IDR,0
6.28E+12,IDR,0
Starlord85,IDR,0
Phongbeo89,VND,0
N9ul0m45,IDR,0
Wide787,IDR,0
wardana955,IDR,0
bigcards99,IDR,0
minhngoc96,VND,0
Heracles,IDR,0
Niawan86,IDR,0
Hain96,VND,0
Baraevergreenn,IDR,0
Semodahh,IDR,0
Lamphuc1234,VND,0
Huyet120291,VND,0
Atri88,IDR,0
Sipuyuh22,IDR,0
Chinhpen1,VND,0
373787962,VND,0
Manoke4,IDR,0
sasali191,THB,0
Tianjm22,IDR,0
NGUYENLAM76,VND,0
Waranyoo822,THB,0
doloan86,VND,0
339865678,VND,0
whywrmn,IDR,0
ReyadiG87,IDR,0
Thanhthanh7997,VND,0
Ferizq,IDR,0
DDtran011,VND,0
Lequanhoang04,VND,0
Nguyentanduy1988,VND,0
Balltira9823,THB,0
Vipprominh123,VND,0
Kendevil,VND,0
giangnguyen12345,VND,0
Manhtinh98,VND,0
Bejo88sport,IDR,0
Styadwyn,IDR,0
Bcoygu88,IDR,0
foodball36,VND,0
2524pp,THB,0
BPP47,THB,0
Caishen6688,VND,0
nabila18,IDR,0
wootdyw11,THB,0
beeer278900000,THB,0
nguyenvandam1993,VND,0
Tientienlam123,VND,0
hoangvanson6789,VND,0
bhanuma34,THB,0
Sirojudin,IDR,0
bowphukarn,THB,0
AKHMAD06,IDR,0
Chafiza240691,IDR,0
lequochoi2020,VND,0
Xuanhuong98,VND,0
Purnomo22,IDR,0
Maradoza07,THB,0
johncater,THB,0
Revo4855,THB,0
Copbinhthanh,VND,0
thaisalem84,VND,0
lhn1610,VND,0
Kookkiiz,THB,0
974701708,VND,0
Othiemsg1,VND,0
Momon1234,IDR,0
Thuongecktm,VND,0
toben18,THB,0
Giahung012,VND,0
Chcovan88,THB,0
Datmom39,VND,0
jkradio,IDR,0
tamlee007,VND,0
Teemee27,THB,0
Xaben111,VND,0
wirat1978,THB,0
kebabtoki,VND,0
Bomtam99,IDR,0
Phildavis,VND,0
Themoney2853,THB,0
adibgwa44,IDR,0
Xuemeitn536,VND,0
935034528,VND,0
Feooo,VND,0
binh1119,VND,0
minhtc,VND,0
Cuongphamxx,VND,0
Ducbeo0909,VND,0
MasRejeki007,IDR,0
khalid2020,IDR,0
dije8889,IDR,0
thuan206,VND,0
Tienthanhtuan,VND,0
trachanhchemgio,VND,0
Seenuntawutth,THB,0
bassheng,THB,0
herman997,IDR,0
Kualhp,VND,0
Hambali82,IDR,0
GiangNgoc88,VND,0
Phucgiang77,VND,0
Yeuthethao12345,VND,0
Kudawindu,IDR,0
undeadaar0n,THB,0
Macoman17,IDR,0
Pipovt,VND,0
mantap5758,IDR,0
minhtai7788,VND,0
blu35790,IDR,0
Pakorn004,THB,0
ndrawss,IDR,0
Khanhsokhanh,VND,0
kalahsakti,IDR,0
amnad888,THB,0
Hunghien90,VND,0
meket,VND,0
Siadik4,IDR,0
tranhaituan,VND,0
Bill4h,IDR,0
haitanghinh,VND,0
Baothinh261,VND,0
beeer2789000,THB,0
narubes,THB,0
akudewe88,IDR,0
mana302532,THB,0
gikzy,THB,0
Gaplek888,IDR,0
DLKL1986BN,VND,0
yeuken88,VND,0
soicodoc2311,VND,0
rizkyyanuaresa,IDR,0
bumitanjung,IDR,0
rezky2103,IDR,0
Babuybalak,IDR,0
Nguyentham1978,VND,0
haitungvo,VND,0
Benzodiazepine,IDR,0
seyjakes,IDR,0
longngoac33,VND,0
teetut,THB,0
SK242535too,THB,0
nopphasinara,THB,0
haokietdt88,VND,0
Ingpro,IDR,0
nantawit1,THB,0
Nanuy2531,THB,0
Susan79,VND,0
duong62,VND,0
tuananh8690,VND,0
Xuhoi,VND,0
Trung1288,VND,0
Chomenk2101,IDR,0
Sonkon16,VND,0
mesin1,IDR,0
R2525,IDR,0
efendi218,IDR,0
tvcol1983,VND,0
paonaguff,THB,0
haiduong2019,VND,0
Nhibeo8383,VND,0
http1234567890,THB,0
Hoki818,IDR,0
boomjib12,THB,0
Jaroensun,THB,0
Tannia99,IDR,0
Seven986,VND,0
anhvuha,VND,0
HaNs2018,IDR,0
Phong100van,VND,0
4RBY88,IDR,0
thanhluu895,VND,0
Phuong200690,VND,0
Toanhuxu,VND,0
thiendat099,VND,0
anggarossi84,IDR,0
Giang2506,VND,0
Ryan18by,IDR,0
gunsa4,IDR,0
Quitron7331,VND,0
Bestthiraphat,THB,0
GTguitar,THB,0
bizzardlin22,THB,0
nutzacup,THB,0
maroc01,IDR,0
yazidfai79,IDR,0
tanawut111,THB,0
jimkov25,IDR,0
DINHQUANBANK,VND,0
Nafri099,IDR,0
econgganor,IDR,0
Cunkoi,VND,0
nguyendangsang,VND,0
pingpong5555,THB,0
linhphuongno01,VND,0
Keset347,IDR,0
KLANGSOY12,THB,0
vipmapvip,VND,0
pornchit1986,THB,0
supamon123,THB,0
famiti00,VND,0
camera360,VND,0
airy70,IDR,0
nhatnhoc,VND,0
lifeforu,THB,0
oh1976,THB,0
jamhugo,THB,0
mrbostudio,VND,0
plumponz,THB,0
Lampro2018,VND,0
truongvanbon,VND,0
thebigreds1987,IDR,0
Sm5115,THB,0
crazyplay,VND,0
jak7777,THB,0
surawest,THB,0
Phuongpapo,VND,0
Dananglogistik,IDR,0
dmt2608,VND,0
Sutthisak,THB,0
Msmnur,IDR,0
kengmak,THB,0
jiab24,THB,0
Rja1129,IDR,0
aaa1868614,IDR,0
Luuminhnam,VND,0
arara,IDR,0
kit9kit,THB,0
936277682,THB,0
swastanto33,IDR,0
skqvx68c86,VND,0
tungdalatdhkt,VND,0
nut785,THB,0
Longlala8,VND,0
quynh0979974898,VND,0
123JAKE,THB,0
Hokyy27,IDR,0
Dangvanvinh345,VND,0
kuda3105,IDR,0
Kedoskedos,IDR,0
cauthuso12,VND,0
Jonherawan88,IDR,0
iqballl93,IDR,0
popo5555,IDR,0
ttt2529,THB,0
alifa92,IDR,0
ardisan,IDR,0
subcomandante,IDR,0
Hadza,THB,0
irfz44n,THB,0
bigluckyjoss,IDR,0
Itim1003,THB,0
nookenev0512,THB,0
thuantran1207,VND,0
SWeet1983,THB,0
patty16,THB,0
itangjudi,IDR,0
Takkyindy,THB,0
aldilla007,IDR,0
minhthuan91,VND,0
bet1526,VND,0
reinhrard24,IDR,0
arnontom,THB,0
dewdew22,IDR,0
ngocan1718,VND,0
bangrokeng,IDR,0
phongvan2015,VND,0
melo21,IDR,0
ibcc2889,THB,0
lionel78,IDR,0
tanyaboon22,THB,0
joli91,IDR,0
vanbe2905,VND,0
matonk90,IDR,0
kangjungm88,THB,0
sastrosokran,IDR,0
armpd,THB,0
thepmong123,THB,0
ylebulan,IDR,0
ngoalongbato,VND,0
nggoe,IDR,0
nongto2133,THB,0
huuson83,VND,0
elitejaguarz,IDR,0
boerhans,IDR,0
Dianlucky888,IDR,0
WINS12,THB,0
canhduy1991,VND,0
adit15,IDR,0
blackdavile,THB,0
kakapmerah,IDR,0
phanhuunghia,VND,0
reddevil2529,THB,0
sammas2531,THB,0
Rifqiiqbaal,IDR,0
dhe69,IDR,0
TAMPATY,IDR,0
atmaryuzaki,IDR,0
khunglongtp,VND,0
casino90,VND,0
sattawat101,THB,0
mark1961,THB,0
andra60,IDR,0
alexandrotika,IDR,0
encuzz,IDR,0
Semblodd,IDR,0
innocence,THB,0
PAKFAREL77,IDR,0
nx8bet,THB,0
tristancenk,IDR,0
usmanali,IDR,0
Shuukei,IDR,0
miacummy,IDR,0
yakuzaza,THB,0
panich2527,THB,0
andriansyah02,IDR,0
barcelona1988,IDR,0
huathihongngan,VND,0
ademilan,IDR,0
nguyentanthao,VND,0
swendot,IDR,0
nirwanto87,IDR,0
yuenyungsae,THB,0
mariod,VND,0
kaorijang,THB,0
rtunwan,THB,0
izerzar,THB,0
texno,VND,0
jackkim,VND,0
ngquyetthang88,VND,0
asengbanu,IDR,0
dermawan90,IDR,0
kumbang88,IDR,0
phuongndd,VND,0
hungngocvo,VND,0
ilovemysky38,THB,0
boylee90,MYR,0
louisasud,THB,0
ezky4eazy,IDR,0
thehotwinter1990,VND,0
carex,IDR,0
pallope77,IDR,0
tok2524,THB,0
azzamhelmi,IDR,0
chrismint,THB,0
bob281076,THB,0
doglover,THB,0
dearandnan,THB,0
Zeven,THB,0
jojo515,IDR,0
selfinsure2010,THB,0
FOLDH0USE,THB,0
civic2010,THB,0
wahyu1976,IDR,0
20031998,INR,0
Rsingh1,INR,0
Sumu06,INR,0
Rk4503,INR,0
Manikandansp2023,INR,0
Raghuvanshi,INR,0
Ajith5401,INR,0
queenofcards,INR,0
yash9535,INR,0
Rahul4321,INR,0
Bhairav,INR,0
